buyer_name,implementation_location_province,implementation_location_other,items_description,supplier_name,company_registration_number,procurement_method,order_date,order_amount_zar
Department of Correction Services (DCS),Eastern Cape,Amathole,(Biological spill Kits) Drowmex,Bravoplex 532,2011/944991/23,Price quotation below R30 000.00,2020-04-04,25900.00
Department of Correction Services (DCS),Eastern Cape,Amathole,(Disposable coverall suits) No branding,Maruno,2013/069663/07,Price quotation below R30 000.00,2020-04-07,12650.00
Department of Correction Services (DCS),Eastern Cape,Amathole,(Sanitizer 70% Alcohol) No branding,East view Trading,2007/116803/23,Price quotation below R30 000.00,2020-03-31,19111.50
Department of Correction Services (DCS),Eastern Cape,Amathole,(Aerosol sterisol spray) BARRS,BARRS Phamaceuticals Industry,2012/056577/07,Transversal Contract (RT300),2020-03-19,820.50
Department of Correction Services (DCS),Eastern Cape,Amathole,(Disposable mask) No branding,Be the project,2013/166136/07,Price quotation below R30 000.00,2020-04-16,29450.00
Department of Correction Services (DCS),Eastern Cape,Amathole,(Disposable mask) No branding,Spring Forest,2005/023531/23,Price quotation below R30 000.00,2020-04-04,26250.00
Department of Correction Services (DCS),Eastern Cape,Amathole,(Disposable mask) No branding,Mhlaba Group,2017/134862/07,Price quotation below R30 000.00,2020-04-30,29960.00
Department of Correction Services (DCS),Eastern Cape,Amathole,(Disposable mask) No branding,Mr First Aid,1990/007637/07,Price quotation below R30 000.00,2020-03-27,3146.40
Department of Correction Services (DCS),Eastern Cape,Amathole,(Disposable mask) No branding,Logan Medical & Surgical,2012/056508/07,Transversal Contract (RT76),2020-03-24,16100.00
Department of Correction Services (DCS),Eastern Cape,Amathole,(Disposable mask) No branding,Refhumudze Trading,2013/059185/07,Price quotation below R30 000.00,2020-03-27,4700.00
Department of Correction Services (DCS),Eastern Cape,Amathole,(Disposable mask) No branding,Trendline Multi Service,2019/349455/07,Transversal Contract (RT32),2020-03-20,27750.00
Department of Correction Services (DCS),Eastern Cape,Amathole,(Disposable mask) No branding,ARCH Technology,2017/62066/07,RTCOVID19-004,2020-05-14,125000.00
Department of Correction Services (DCS),Eastern Cape,Amathole,(heavy duty gloves) Premier nitrile,Motjilela,2005/051195/23,Price quotation below R30 000.00,2020-04-07,1900.00
Department of Correction Services (DCS),Eastern Cape,Amathole,(Surgical gloves) No branding,Evergreen Latex,2002/057771/23,Transversal Contract (RT76),2020-05-14,9500.00
Department of Correction Services (DCS),Eastern Cape,Amathole,"1.Gloves protect your hands-CE4051;  2.Garden master 2litre Bottle;  3.Omron
Gentle Temperature Thermometer Infrared Forehead Scanner;  4.Povidine Iodine
Scrub",Apex Yenkosi,2017/258272/07,Price quotation below R30 000.01,2020-03-27,29650.00
Department of Correction Services (DCS),Eastern Cape,Amathole,1.Nitrile Examination Powder Free Gloves;  2.FDA Face Mask,Zondiphase,2014/172473/07,Price quotation below R30 000.03,2020-04-07,25900.00
Department of Correction Services (DCS),Eastern Cape,Amathole,3 layer Cloth Masks,Mdazane Investments,2018/561785/07,Price quotation below R30 000.00,2020-06-09,1540.00
Department of Correction Services (DCS),Eastern Cape,Amathole,Alcohol hand rub sanitiser 80% (prime safe),Lechoba Medical Technologies,2005/044442/07,RTCOVID19-008,2020-05-14,151875.00
Department of Correction Services (DCS),Eastern Cape,Amathole,Anti bacterial hand sanitiser 70% alcohol,Govindsamy Subramoney,Sole Proprietorship,Price quotation below R30 000.00,2020-04-27,29827.60
Department of Correction Services (DCS),Eastern Cape,Amathole,Anti bacterial hand sanitiser 70% alcohol,IT Care Chemicals Supplies,2015/102820/07,RTCOVID19-004,2020-05-21,180000.00
Department of Correction Services (DCS),Eastern Cape,Amathole,BARRS sterisol antiseptic hand rub with emolient,BARRS Phamaceuticals Industry,2012/056577/07,Transversal Contract (RT300),2020-03-19,1641.00
Department of Correction Services (DCS),Eastern Cape,Amathole,Barrs Sterisol-70% Chlorexidine,BARRS Phamaceuticals Industry,2012/056577/07,Transversal Contract (RT300),2020-05-11,2461.50
Department of Correction Services (DCS),Eastern Cape,Amathole,Barrs Sterisol-70% Chlorexidine,BARRS Phamaceuticals Industry,2012/056577/07,Transversal Contract (RT300),2020-03-27,3282.00
Department of Correction Services (DCS),Eastern Cape,Amathole,Bleach bio-chem,Inyathi Sales,2001/045499/23,Price quotation below R30 000.00,2020-04-08,9000.00
Department of Correction Services (DCS),Eastern Cape,Amathole,"Boots, all sizes",BBF Safety Group,2012/056577/07,Transversal Contract (RT59),2020-07-24,8217.50
Department of Correction Services (DCS),Eastern Cape,Amathole,Clarco Hygiene Watreless Hand Sanitizer 70%,East view Trading,2007/116803/23,Price quotation below R30 000.02,2020-03-31,12330.00
Department of Correction Services (DCS),Eastern Cape,Amathole,Claro hygiene waterless hand sanitiser 70% isopryl alcohol,East View Trading 75,2007/116803/23,Price quotation below R30 000.00,2020-04-16,29348.00
Department of Correction Services (DCS),Eastern Cape,Amathole,"COVID-19 response face mask, 3ply disposable earloop face mask",ARC Technology,2017/162066/07,RTCOVID19-004,2020-06-24,31250.00
Department of Correction Services (DCS),Eastern Cape,Amathole,Decontamination,Othie PCS Projects,2018/394311/07,Price quotation below R30 000.00,2020-07-28,21226.00
Department of Correction Services (DCS),Eastern Cape,Amathole,Decontamination,Magamve Management,2011/111818/07,Price quotation below R30 000.01,2020-05-28,29400.00
Department of Correction Services (DCS),Eastern Cape,Amathole,Disposable scrub suit,Gibela Trade & Invest,2006/009815/23,Transversal Contract (RT32),2020-03-27,8595.00
Department of Correction Services (DCS),Eastern Cape,Amathole,Disposable Surgical Gloves,Mdazane Investments,2018/561785/07,Price quotation below R30 000.00,2020-06-09,900.00
Department of Correction Services (DCS),Eastern Cape,Amathole,disposable Surgical Masks,Mdazane Investments,2018/561785/07,Price quotation below R30 000.00,2020-06-09,6240.00
Department of Correction Services (DCS),Eastern Cape,Amathole,E-thick bleach sodium hypochloride,Eddas Trading,2015/204423/07,Price quotation below R30 000.00,2020-04-16,3400.00
Department of Correction Services (DCS),Eastern Cape,Amathole,E-thick bleach sodium hypochloride,Eddas Trading,2015/204423/07,Price quotation below R30 000.00,2020-04-30,10400.00
Department of Correction Services (DCS),Eastern Cape,Amathole,Gloves disposable,Watlington Trading,2011/053816/23,Price quotation below R30 000.00,2020-07-24,25000.00
Department of Correction Services (DCS),Eastern Cape,Amathole,Gloves Premier nitrile,Fundam A Trading,2015/245341/07,Price quotation below R30 000.00,2020-04-04,26000.00
Department of Correction Services (DCS),Eastern Cape,Amathole,"Goggles, safety clear",Mdazane Investments,2018/561785/07,Price quotation below R30 000.00,2020-06-09,7000.00
Department of Correction Services (DCS),Eastern Cape,Amathole,"Goggles, safety clear",Alfrehutch Trading,2008/130764/23,Transversal Contract (RT32),2020-03-27,249250.00
Department of Correction Services (DCS),Eastern Cape,Amathole,Initial foam hand sanitiser 70 % alcohol multipurpose antibacterial foam,Rentokil Initial,1967/013286/07,Petty Cash,2020-03-18,1610.00
Department of Correction Services (DCS),Eastern Cape,Amathole,Lepu LFR30B Infrared thermometre,Class Three Medical Solutions,2017/535986/07,Price quotation below R30 000.00,2020-04-16,6064.41
Department of Correction Services (DCS),Eastern Cape,Amathole,Liberty select examination gloves - Lightly powdered.,Algoa Plastics,1987/016715/23,Petty Cash,2020-04-06,1335.00
Department of Correction Services (DCS),Eastern Cape,Amathole,"Mask, surgical fluid resistant",Ndindi &Yongs,2017/175166/07,Price quotation below R30 000.00,2020-07-22,28950.00
Department of Correction Services (DCS),Eastern Cape,Amathole,Medical Hand Sanitizer 70% alcohol,Mdazane Investments,2018/561785/07,Price quotation below R30 000.00,2020-06-09,6750.00
Department of Correction Services (DCS),Eastern Cape,Amathole,Paper towels 'Pro wipe',Promed Technologies,2014/162486/07,Transversal Contract (RT14),2020-03-19,52500.00
Department of Correction Services (DCS),Eastern Cape,Amathole,Paper Towels 'Pro wipe',Promed Technologies,2014/162486/07,Transversal Contract (RT32),2020-03-30,10900.00
Department of Correction Services (DCS),Eastern Cape,Amathole,Premier nitrile,Fundam A Trading,2015/245341/07,Price quotation below R30 000.00,2020-03-20,10350.00
Department of Correction Services (DCS),Eastern Cape,Amathole,Sanitizer 5 litre,Vital Life,2015/448013/07,Transversal Contract (RT296-10/014),2020-05-28,43700.00
Department of Correction Services (DCS),Eastern Cape,Amathole,Sanitizer hand 70% alcohol,BARRS Phamaceuticals Industry,2014/095914/07,Transversal Contract (RT300),2020-07-24,33160.00
Department of Correction Services (DCS),Eastern Cape,Amathole,Sanitizer hand 70% alcohol,Eagles Eye Express,2017/188014/07,Price quotation below R30 000.01,2020-07-22,29599.80
Department of Correction Services (DCS),Eastern Cape,Kirkwood,Biocide Bleach: No Branding,Qualipharm,1997/052217/23,CONTRACT HP 08-2017SSP,2020-03-23,3508.50
Department of Correction Services (DCS),Eastern Cape,Kirkwood,Biocide Bleach: No Branding,Qualipharm,1997/052217/23,CONTRACT HP 08-2017SSP,2020-03-23,5281.50
Department of Correction Services (DCS),Eastern Cape,Kirkwood,Body Bags,Tara Healthcare,2019/237077/07,RTCOVID19-014,2020-06-26,10500.00
Department of Correction Services (DCS),Eastern Cape,Kirkwood,BP Cuffs: Class Three Medical Solutions,Class Three Medical Solutions,2017/535986/07,RT2,2020-03-19,483.00
Department of Correction Services (DCS),Eastern Cape,Kirkwood,BP Cuffs: Class Three Medical Solutions,Class Three Medical Solutions,2017/535986/07,RT2,2020-03-19,292.33
Department of Correction Services (DCS),Eastern Cape,Kirkwood,BP Cuffs: Class: No Branding,Class Three Medical Solutions,2017/535986/07,RT2,2020-03-31,322.00
Department of Correction Services (DCS),Eastern Cape,Kirkwood,BP Cuffs: Class: No Branding,Class Three Medical Solutions,2017/535986/07,RT2,2020-03-31,198.22
Department of Correction Services (DCS),Eastern Cape,Kirkwood,BP Machine: Class No Branding,Class Three Medical Solutions,2017/535986/07,RT2,2020-03-31,18418.40
Department of Correction Services (DCS),Eastern Cape,Kirkwood,BP Machine: Class Three Medical Solutions,Class Three Medical Solutions,2017/535986/07,RT2,2020-03-19,27627.60
Department of Correction Services (DCS),Eastern Cape,Kirkwood,Digital Thermometer,Multisurge,2014/170364/07,RTCOVID19-018,2020-03-20,13800.00
Department of Correction Services (DCS),Eastern Cape,Kirkwood,Disposable Aprons: LDE Aprons,New Heights,2019/467590/07,DEVIATION PROCUREMENT METHOD,2020-04-17,45600.00
Department of Correction Services (DCS),Eastern Cape,Kirkwood,Disposable Aprons: No Branding,Central Medical,1995/003785/07,RT32,2020-03-17,960.00
Department of Correction Services (DCS),Eastern Cape,Kirkwood,Disposable Aprons: No Branding,Central Medical,1995/003785/07,RT32,2020-03-18,2720.00
Department of Correction Services (DCS),Eastern Cape,Kirkwood,Disposable Gowns: No Branding,Multisurge,2014/170364/07,RTCOVID19-015,2020-06-24,184000.00
Department of Correction Services (DCS),Eastern Cape,Kirkwood,Disposable Red Bags: Flowe- PAC,New Heights,2019/467590/07,DEVIATION PROCUREMENT METHOD,2020-04-17,13500.00
Department of Correction Services (DCS),Eastern Cape,Kirkwood,Disposable Red Bags: No Branding,Promed Technology,2014/162486/07,RT COVID19-010,2020-03-30,26800.00
Department of Correction Services (DCS),Eastern Cape,Kirkwood,Face Shield: Unpacked,Extra Dimentions,2001/02881/23,DEVIATION PROCUREMENT METHOD,2020-03-26,5175.00
Department of Correction Services (DCS),Eastern Cape,Kirkwood,Fumigation of Logistic Stores,Mast Pest Control,Sole Proprietorship,QUOTATION/SERVICE,2020-04-29,17400.00
Department of Correction Services (DCS),Eastern Cape,Kirkwood,Gloves Disposable: Medi-Mate,Extra Dimentions,2001/02881/23,DEVIATION PROCUREMENT METHOD,2020-03-26,35880.00
Department of Correction Services (DCS),Eastern Cape,Kirkwood,Gloves Surgical: Haylard,Fresh and Clean,2002/096275/23,DEVIATION PROCUREMENT METHOD,2020-05-20,29400.00
Department of Correction Services (DCS),Eastern Cape,Kirkwood,Googles,Multisurge,2014/170364/07,RTCOVID19-015,2020-06-24,28750.00
Department of Correction Services (DCS),Eastern Cape,Kirkwood,Hand Sanitizer: FLEXXI SAN 09,Extra Dimentions,2001/028681/23,DEVIATION PROCUREMENT METHOD,2020-03-26,215625.00
Department of Correction Services (DCS),Eastern Cape,Kirkwood,Hand Sanitizer: No Branding,Barsrs Pharmaceuticals Ind,2012/056577/07,RT300,2020-03-17,15920.00
Department of Correction Services (DCS),Eastern Cape,Kirkwood,Hand Sanitizer: No Branding,Barsrs Pharmaceuticals Ind,2012/056577/07,RT300,2020-03-23,16081.80
Department of Correction Services (DCS),Eastern Cape,Kirkwood,Hand Sanitizer: No Branding,Barsrs Pharmaceuticals Ind,2012/056577/07,RT300,2020-03-18,15601.60
Department of Correction Services (DCS),Eastern Cape,Kirkwood,High Risk Gloves (Rubber Handle),Multisurge,2014/170364/07,RTCOVID19-015,2020-06-24,10350.00
Department of Correction Services (DCS),Eastern Cape,Kirkwood,Linen Savers: No Branding,Meddreg Technology,2003/014869/23,RT32,2020-03-18,2080.00
Department of Correction Services (DCS),Eastern Cape,Kirkwood,Mask N95: Haylard,Liora Medical Supplies,2011/013434/23,RT32,2020-03-18,6553.75
Department of Correction Services (DCS),Eastern Cape,Kirkwood,Mask N95: Haylard,Sunset Brook,2004/051469/23,DEVIATION PROCUREMENT METHOD,2020-04-17,106388.10
Department of Correction Services (DCS),Eastern Cape,Kirkwood,Mask N95: No Branding,Liora Medical Supplies,2011/013434/23,RT32,2020-03-17,5617.50
Department of Correction Services (DCS),Eastern Cape,Kirkwood,Matreee Covers: No Branding,Hospital Equipment Manufact,2000/000651/07,RT24,2020-03-23,45000.00
Department of Correction Services (DCS),Eastern Cape,Kirkwood,Matreee Covers: Unpacked,Extra Dimentions,2001/02881/23,DEVIATION PROCUREMENT METHOD,2020-03-26,45885.00
Department of Correction Services (DCS),Eastern Cape,Kirkwood,Matress Bed: No Branding,KAP BEDDING,1988/070308/07,DEVIATION PROCUREMENT METHOD,2020-05-14,29756.25
Department of Correction Services (DCS),Eastern Cape,Kirkwood,Non Sterile Gloves: Evergreen,Extra Dimentions,2001/02881/23,DEVIATION PROCUREMENT METHOD,2020-03-26,62790.00
Department of Correction Services (DCS),Eastern Cape,Kirkwood,Non Sterile Gloves: No Branding,Evergreen  Latex,2002/057771/23,RT76,2020-03-17,17940.00
Department of Correction Services (DCS),Eastern Cape,Kirkwood,Over Shoe Disposable: No Branding,Fresh and Clean,2002/096275/23,DEVIATION PROCUREMENT METHOD,2020-05-20,15147.00
Department of Correction Services (DCS),Eastern Cape,Kirkwood,Protective Bodysuit: No Branding,Fresh and Clean,2002/096275/23,DEVIATION PROCUREMENT METHOD,2020-05-20,126875.00
Department of Correction Services (DCS),Eastern Cape,Kirkwood,Service: Decontamination,Fresh and Clean,2002/096275/23,QUOTATION/SERVICE,2020-06-03,842.00
Department of Correction Services (DCS),Eastern Cape,Kirkwood,Sprayer Back Carrying: No Branding,Eastview Trading,2007/116803/23,DEVIATION PROCUREMENT METHOD,2020-04-23,11445.30
Department of Correction Services (DCS),Eastern Cape,Kirkwood,Surgical Gloves: No Branding,Evergreen  Latex,2002/057771/23,RT76,2020-04-18,42900.00
Department of Correction Services (DCS),Eastern Cape,Kirkwood,Surgical Mask,Business Venture Investment No 1882,2016/003864/07,DEVIATION PROCUREMENT METHOD,2020-04-13,46000.00
Department of Correction Services (DCS),Eastern Cape,Kirkwood,Surgical Masks: No Branding,Chemical World-,2019/253242/07,RT32,2020-03-17,747.50
Department of Correction Services (DCS),Eastern Cape,Kirkwood,Surgical Masks: No Branding,Chemical World,2019/253242/07,RT32,2020-03-17,747.50
Department of Correction Services (DCS),Eastern Cape,Kirkwood,Surgical Masks: No Branding,Tripple N Medical Distributors,2011/129850/07,RTCOVID19-002,2020-03-23,32550.00
Department of Correction Services (DCS),Eastern Cape,Kirkwood,Surgical Masks: Unpacked,Bravoscan,2016/442334/07,DEVIATION PROCUREMENT METHOD,2020-04-17,161000.00
Department of Correction Services (DCS),Eastern Cape,Kirkwood,Surgical Masks: Unpacked,The Filing System,2007/191055/23,DEVIATION PROCUREMENT METHOD,2020-03-31,29900.00
Department of Correction Services (DCS),Eastern Cape,Kirkwood,Surgical Scrub: Kleenhand AB,Extra Dimentions,2001/02881/23,DEVIATION PROCUREMENT METHOD,2020-03-26,74280.00
Department of Correction Services (DCS),Eastern Cape,Kirkwood,Surgical Scrub: No Branding,Barsrs Pharmaceuticals Ind,2012/056577/07,RT300,2020-03-17,21150.00
Department of Correction Services (DCS),Eastern Cape,Kirkwood,Surgical Scrub: No Branding,Barsrs Pharmaceuticals Ind,2012/056577/07,RT300,2020-03-18,20727.00
Department of Correction Services (DCS),Eastern Cape,Kirkwood,Surgical Scrub: No Branding,Barsrs Pharmaceuticals Ind,2012/056577/07,RT300,2020-03-23,21481.60
Department of Correction Services (DCS),Eastern Cape,Lusikisiki,70% alcohol based Sanitizer  Hand,Promed Technologies,2014/162486/07,Price quotation,2020-04-16,29960.00
Department of Correction Services (DCS),Eastern Cape,Lusikisiki,70% alcohol based hand sanitizers,Z MAR TRADING,2013/170759/07,Price quotation,2020-07-21,29000.00
Department of Correction Services (DCS),Eastern Cape,Lusikisiki,Clear face shield,MAWOWO TRADING,2017/184290/07,Price quotation,2020-07-21,12900.00
Department of Correction Services (DCS),Eastern Cape,Lusikisiki,Coveralls,KWETANE &SONS ELECTRICAL &PROJECTS,2017/061266/07,Price quotation,2020-07-17,29250.00
Department of Correction Services (DCS),Eastern Cape,Lusikisiki,Disposable gowns,IMELA OLUWA TRADING,2017/121087/07,Price quotation,2020-07-17,16000.00
Department of Correction Services (DCS),Eastern Cape,Lusikisiki,Gloves surgical  -single use,Ako Tech Industries,2018/282270/07,Price quotation,2020-03-27,18750.00
Department of Correction Services (DCS),Eastern Cape,Lusikisiki,Heavy duty gloves,MM SANDA TRADING,2018/309948/07,Price quotation,2020-07-21,19000.00
Department of Correction Services (DCS),Eastern Cape,Lusikisiki,Infra-Red Electronic Thermometers.,Mhlaba Group,2017/134862/07,Price quotation,2020-04-02,29250.00
Department of Correction Services (DCS),Eastern Cape,Lusikisiki,Masks Surgical (each) 3 ply,Mhlaba Group,2017/134862/07,Price quotation,2020-04-02,28600.00
Department of Correction Services (DCS),Eastern Cape,Mthatha,70% alcohol based Sanitizer  Hand,Ewe Projects,2015/054348/07,Price quotation,2020-03-31,28500.00
Department of Correction Services (DCS),Eastern Cape,Mthatha,70% alcohol based hand sanitizers,"BARRS PHARMACEUTICALS INDUSTRIES
(PTY)LTD",20212/056577/07,RT\300-2017,2020-03-25,28800.00
Department of Correction Services (DCS),Eastern Cape,Mthatha,70% alcohol based Surface sanitizers,Promed Technologies,2014/162486/07,Price quotation,2020-04-16,29700.00
Department of Correction Services (DCS),Eastern Cape,Mthatha,70% alcohol based Surface sanitizers,IMVELISO HOLDINGS,2015/339801/07,Price quotation,2020-05-28,9954.00
Department of Correction Services (DCS),Eastern Cape,Mthatha,ACC-CHEC INSTANT KIT (with blue tooth),SANBONANI HOLDINGS (PTY)LTD,2004/000822/07,RT\2-1-2016,2020-04-23,5850.00
Department of Correction Services (DCS),Eastern Cape,Mthatha,BP METER ELETRONIC LCD SCREEN,SANBONANI HOLDINGS (PTY)LTD,2004/000822/07,RT\2-1-2016,2020-04-23,20800.00
Department of Correction Services (DCS),Eastern Cape,Mthatha,Coveralls,ZONDIPHASE,2014/172473/07,Price quotation,2020-05-28,29250.00
Department of Correction Services (DCS),Eastern Cape,Mthatha,Coveralls,MABIKA GROUP,2016/082774/07,Price quotation,2020-07-07,27600.00
Department of Correction Services (DCS),Eastern Cape,Mthatha,DIAGNOSTIC SET GP PLUS,SANBONANI HOLDINGS (PTY)LTD,2004/000822/07,RT\2-1-2016,2020-04-23,6510.00
Department of Correction Services (DCS),Eastern Cape,Mthatha,Disposable aprons,AKO TECH INDUSTRIES,2018/282270/07,Price quotation,2020-04-08,29450.00
Department of Correction Services (DCS),Eastern Cape,Mthatha,Disposable gloves,Ako Tech Industries,2018/282270/07,Price quotation,2020-03-31,18750.00
Department of Correction Services (DCS),Eastern Cape,Mthatha,Disposable gloves,Promed Technologies,2014/162486/07,RT\76-2020,2020-04-02,59800.00
Department of Correction Services (DCS),Eastern Cape,Mthatha,Disposable gowns,Snethemba On Your Service,2016/400946/07,Price quotation,2020-07-06,28000.00
Department of Correction Services (DCS),Eastern Cape,Mthatha,Disposable Linen,Promed Technologies,2014/162486/07,RT\32-2019,2020-04-03,4360.00
Department of Correction Services (DCS),Eastern Cape,Mthatha,Gumboots,BBF SAFETY  GROUP (PTY),2012/056577/07,RT\59-2019,2020-04-09,49305.00
Department of Correction Services (DCS),Eastern Cape,Mthatha,HB METER DIG inc 25 strips,SANBONANI HOLDINGS (PTY)LTD,2004/000822/07,RT\2-1-2016,2020-04-23,5350.00
Department of Correction Services (DCS),Eastern Cape,Mthatha,Infra-Red Electronic Thermometers.,Mhlaba Group,2017/134862/07,Price quotation,2020-04-03,29250.00
Department of Correction Services (DCS),Eastern Cape,Mthatha,Mask N95 (each),Ako Tech Industries,2018/282270/07,Price quotation,2020-03-27,20100.00
Department of Correction Services (DCS),Eastern Cape,Mthatha,Masks Surgical (each) 3 ply,Mhlaba Group,2017/134862/07,Price quotation,2020-04-08,28600.00
Department of Correction Services (DCS),Eastern Cape,Mthatha,Masks Surgical (each) 3 ply,Snethemba On Your Service,2016/400946/07,Price quotation,2020-04-03,27500.00
Department of Correction Services (DCS),Eastern Cape,Mthatha,Matress Cover for hospitals,HOSPITAL EQUIP MANUFACTURERS,2000/000651/07,RT\24-2015,2020-04-08,90000.00
Department of Correction Services (DCS),Eastern Cape,Mthatha,NEBULIZER FLO Eolo,SANBONANI HOLDINGS (PTY)LTD,2004/000822/07,RT\2-1-2016,2020-04-23,10950.00
Department of Correction Services (DCS),Eastern Cape,Mthatha,OXSOR 60 FINGERTIP PULSE OXIMETER,SANBONANI HOLDINGS (PTY)LTD,2004/000822/07,RT\2-1-2016,2020-04-23,4000.00
Department of Correction Services (DCS),Eastern Cape,Mthatha,Paper towels,Promed Technologies,2014/162486/07,RT\32-2019,2020-03-25,17630.00
Department of Correction Services (DCS),Eastern Cape,Mthatha,STETHOSCOPE DELUXE DUAL HEAD ADULT,SANBONANI HOLDINGS (PTY)LTD,2004/000822/07,RT\2-1-2016,2020-04-23,1002.00
Department of Correction Services (DCS),Eastern Cape,SADA,Alcohol Based Hand Sanitiser,NJU Projects & General Trading,2018/297547/07,RTCOVID19,2020-03-26,4500.00
Department of Correction Services (DCS),Eastern Cape,SADA,Disposable Apron,Akotech Industries,2018/282270/07,Quotation,2020-04-02,15500.00
Department of Correction Services (DCS),Eastern Cape,SADA,"Eye Protection,Visors, Gown,Coveralls",It Crare Chemicals Suppliers,2015/102820/07,RTCOVID19,2020-05-05,275000.00
Department of Correction Services (DCS),Eastern Cape,SADA,Gloves,Zondiphase,2014/172473/07,Quotation,2020-04-02,18750.00
Department of Correction Services (DCS),Eastern Cape,SADA,Gloves,Zondiphase,2014/172473/07,Quotation,2020-04-02,18750.00
Department of Correction Services (DCS),Eastern Cape,SADA,Gloves,Zondiphase,2014/172473/07,Quotation,2020-04-02,18750.00
Department of Correction Services (DCS),Eastern Cape,SADA,Gloves,Zondiphase,2014/172473/07,Quotation,2020-04-02,18750.00
Department of Correction Services (DCS),Eastern Cape,SADA,Gloves,Zondiphase,2014/172473/07,Quotation,2020-04-02,18750.00
Department of Correction Services (DCS),Eastern Cape,SADA,Gloves,Evergreen Latex,2002/057771/24,RTCOVID19,2020-05-08,74790.00
Department of Correction Services (DCS),Eastern Cape,SADA,Gloves Latex Disposable Large,Evergreen Latax Cc,2002/057771/23,RTCOVID19,2020-03-20,34902.00
Department of Correction Services (DCS),Eastern Cape,SADA,N95 Mask,Labo Trading And Projects,CK99/24159/23,Quotation,2020-04-01,19320.00
Department of Correction Services (DCS),Eastern Cape,SADA,N95 Mask,Labo Trading And Projects,CK99/24159/23,Quotation,2020-04-01,19320.00
Department of Correction Services (DCS),Eastern Cape,SADA,N95 Mask,Labo Trading And Projects,CK99/24159/23,Quotation,2020-04-01,19320.00
Department of Correction Services (DCS),Eastern Cape,SADA,N95 Mask,Labo Trading And Projects,CK99/24159/23,Quotation,2020-04-01,19320.00
Department of Correction Services (DCS),Eastern Cape,SADA,N95 Mask,Motla Investment,2005/148565/23,RTCOVID19,2020-07-23,18900.00
Department of Correction Services (DCS),Eastern Cape,SADA,Sanitizer,Labo Trading And Projects,CK99/24159/23,Quotation,2020-04-01,25875.00
Department of Correction Services (DCS),Eastern Cape,SADA,Sanitizer,Labo Trading And Projects,CK99/24159/23,Quotation,2020-04-01,25875.00
Department of Correction Services (DCS),Eastern Cape,SADA,Sanitizer,Labo Trading And Projects,CK99/24159/23,Quotation,2020-04-01,25875.00
Department of Correction Services (DCS),Eastern Cape,SADA,Sanitizer,Labo Trading And Projects,CK99/24159/23,Quotation,2020-04-01,25875.00
Department of Correction Services (DCS),Eastern Cape,SADA,Sanitizer,Labo Trading And Projects,CK99/24159/23,Quotation,2020-04-01,25875.00
Department of Correction Services (DCS),Eastern Cape,SADA,Sanitizer,Zondiphase,2014/172473/07,Quotation,2020-04-03,29625.00
Department of Correction Services (DCS),Eastern Cape,SADA,Sanitizer,Zondiphase,2014/172473/07,Quotation,2020-04-03,29625.00
Department of Correction Services (DCS),Eastern Cape,SADA,Sanitizer,Zondiphase,2014/172473/07,Quotation,2020-04-03,29625.00
Department of Correction Services (DCS),Eastern Cape,SADA,Sanitizer,Zondiphase,2014/172473/07,Quotation,2020-04-03,29625.00
Department of Correction Services (DCS),Eastern Cape,SADA,Sanitizer,Zondiphase,2014/172473/07,Quotation,2020-04-21,29625.00
Department of Correction Services (DCS),Eastern Cape,SADA,Sanitizer,Unitrade 1032 cc,1998/002665/23,RTCOVID19,2020-03-27,375200.00
Department of Correction Services (DCS),Eastern Cape,SADA,Sanitizer,It Crare Chemicals Suppliers,2015/102820/07,RTCOVID20,2020-07-29,220000.00
Department of Correction Services (DCS),Eastern Cape,SADA,Surgical Mask,Labo Trading And Projects,CK99/24159/23,Quotation,2020-04-02,17595.00
Department of Correction Services (DCS),Eastern Cape,SADA,Surgical Mask,Labo Trading And Projects,CK99/24159/23,Quotation,2020-04-02,17595.00
Department of Correction Services (DCS),Eastern Cape,SADA,Surgical Mask,Labo Trading And Projects,CK99/24159/23,Quotation,2020-04-02,17595.00
Department of Correction Services (DCS),Eastern Cape,SADA,Surgical Mask,Zondiphase,2014/172473/07,Quotation,2020-04-02,29750.00
Department of Correction Services (DCS),Eastern Cape,SADA,Surgical Mask,Zondiphase,2014/172473/07,Quotation,2020-04-02,29750.00
Department of Correction Services (DCS),Eastern Cape,SADA,Surgical Mask,Zondiphase,2014/172473/07,Quotation,2020-04-02,29750.00
Department of Correction Services (DCS),Eastern Cape,SADA,Surgical Mask,Zondiphase,2014/172473/07,Quotation,2020-04-03,29750.00
Department of Correction Services (DCS),Eastern Cape,SADA,Surgical Mask,Zondiphase,2014/172473/07,Quotation,2020-04-03,29750.00
Department of Correction Services (DCS),Eastern Cape,SADA,Surgical Mask,Zondiphase,2014/172473/07,Quotation,2020-04-03,29750.00
Department of Correction Services (DCS),Eastern Cape,SADA,Surgical Mask,Multisurge Pty Ltd,2014/170364/07,RTCOVID19,2020-05-05,184000.00
Department of Correction Services (DCS),Eastern Cape,SADA,Surgical Mask,Motla Investment,2005/148565/23,RTCOVID19,2020-07-23,204400.00
Department of Correction Services (DCS),Eastern Cape,SADA,Temperature Scanners,Labo Trading And Projects,CK99/24159/23,Quotation,2020-04-01,27600.00
Department of Correction Services (DCS),Eastern Cape,St Albans,Chlorhexidine,Barrs,2012/056577/07,Contract,2020-03-25,17536.00
Department of Correction Services (DCS),Eastern Cape,St Albans,Chlorhexidine,Biotech Labs,1990/007220/07,Contract,2020-04-09,69000.00
Department of Correction Services (DCS),Eastern Cape,St Albans,Coveral Suits: Capsule Wet,Fresh and Clean,2002/096275/23,Written Qoutation,2020-04-08,5280.00
Department of Correction Services (DCS),Eastern Cape,St Albans,Covering Gowns:Hartman Folidris Gown,Fresh and Clean,2002/096275/23,Written Qoutation,2020-04-08,880.00
Department of Correction Services (DCS),Eastern Cape,St Albans,Damp Dust Cloths:No Branding,Zondiphase,2014/172473/07,Written Qoutation,2020-04-10,
Department of Correction Services (DCS),Eastern Cape,St Albans,Decontamination,Imphepo Technologies,2015/031522/07,Written Qoutation,2020-04-15,47008.50
Department of Correction Services (DCS),Eastern Cape,St Albans,Decontamination,Imphepo Technologies,2015/031522/07,Written Qoutation,2020-05-29,9413.25
Department of Correction Services (DCS),Eastern Cape,St Albans,Decontamination,Master Pest Control,6.20E+12,Written Qoutation,2020-06-18,2376.00
Department of Correction Services (DCS),Eastern Cape,St Albans,Decontamination,Kingswe IT Consultants,2012/164848/07,Written Qoutation,2020-06-24,195050.00
Department of Correction Services (DCS),Eastern Cape,St Albans,Decontamination,Uponmanywaters,2012/072018/07,Written Qoutation,2020-07-02,5328.70
Department of Correction Services (DCS),Eastern Cape,St Albans,Decontamination,Master Pest Control,6.20E+12,Written Qoutation,2020-07-04,12282.50
Department of Correction Services (DCS),Eastern Cape,St Albans,Decontamination of St Albans Med B,Impepho Technologies,2015/031522/07,Written Qoutation,2020-04-14,47008.50
Department of Correction Services (DCS),Eastern Cape,St Albans,Disposable Gloves,Bansogenix,2016/062668/07,Written Qoutation,2020-06-12,29845.00
Department of Correction Services (DCS),Eastern Cape,St Albans,Disposable Gloves: Shamrock,Akhotec,2018/282270/07,Formal Price Qoutation,2020-03-31,45000.00
Department of Correction Services (DCS),Eastern Cape,St Albans,Disposable Gloves:Max Guard,Hyman,2016/463127/07,Written Qoutation,2020-04-15,29992.00
Department of Correction Services (DCS),Eastern Cape,St Albans,Disposable Gown,Logan Medical & surgical,2012/056508/07,Contract,2020-06-08,80500.00
Department of Correction Services (DCS),Eastern Cape,St Albans,Disposable Overall,Logan Medical & surgical,2012/056508/07,Contract,2020-06-08,120750.00
Department of Correction Services (DCS),Eastern Cape,St Albans,Disposable Overals,Zondiphase,2014/172473/07,Written Qoutation,2020-04-10,25500.00
Department of Correction Services (DCS),Eastern Cape,St Albans,Disposable Plastic Aprons,Regent Incorporated,2006/127102/23,Written Qoutation,2020-03-27,700.00
Department of Correction Services (DCS),Eastern Cape,St Albans,Elbow Sanitizer Dispensers and containers,Fresh and Clean,2002/096275/23,Written Qoutation,2020-04-08,5316.52
Department of Correction Services (DCS),Eastern Cape,St Albans,Face Shields: MAXI,Fresh and Clean,2002/096275/23,Written Qoutation,2020-04-08,806.40
Department of Correction Services (DCS),Eastern Cape,St Albans,FFP1 Masks: No Branding,Akhotec,2018/282270/07,Formal Price Qoutation,2020-03-31,240000.00
Department of Correction Services (DCS),Eastern Cape,St Albans,FFP2 Masks: Honey Well,Zondiphase,2014/172473/07,Written Qoutation,2020-04-01,29960.00
Department of Correction Services (DCS),Eastern Cape,St Albans,Handsanitizer,Biotech Labs,1990/007220/07,Contract,2020-04-09,69000.00
Department of Correction Services (DCS),Eastern Cape,St Albans,Mask,Adesin Creations,2014/052306/07,Written Qoutation,2020-04-14,29988.00
Department of Correction Services (DCS),Eastern Cape,St Albans,Masks,Kamp en braai,2018/38779/07,Formal Price Qoutation,2020-07-23,26910.00
Department of Correction Services (DCS),Eastern Cape,St Albans,Mop Caps: No Branding,Fresh and Clean,2002/096275/23,Written Qoutation,2020-04-08,364.00
Department of Correction Services (DCS),Eastern Cape,St Albans,Pharmacy Medication,Barrs,2012/056577/07,Contract,2020-04-22,4308.31
Department of Correction Services (DCS),Eastern Cape,St Albans,Protective suit,Impepho Technologies,2015/031522/07,Formal Price Qoutation,2020-07-23,198000.00
Department of Correction Services (DCS),Eastern Cape,St Albans,Reusable Gloves: Drawmax,Zondiphase,2014/172473/07,Written Qoutation,2020-04-01,29960.00
Department of Correction Services (DCS),Eastern Cape,St Albans,Reusable Gloves: Drawmax,Zondiphase,2014/172473/07,Written Qoutation,2020-04-01,29960.00
Department of Correction Services (DCS),Eastern Cape,St Albans,Reusable Gloves: Drawmax,Zondiphase,2014/172473/07,Written Qoutation,2020-04-09,29960.00
Department of Correction Services (DCS),Eastern Cape,St Albans,Sanitizer,Zanolutho Bussiness Enterprise,2018/602983/07,Formal Price Qoutation,2020-03-30,263924.15
Department of Correction Services (DCS),Eastern Cape,St Albans,Shoe Covers,Zondiphase,2014/172473/07,Written Qoutation,2020-04-10,2400.00
Department of Correction Services (DCS),Eastern Cape,St Albans,Shoe Covers: No Branding,Fresh and Clean,2002/096275/23,Written Qoutation,2020-04-08,306.09
Department of Correction Services (DCS),Eastern Cape,St Albans,Surface Cleaner Spray Containers,Fresh and Clean,2002/096275/23,Written Qoutation,2020-04-08,553.04
Department of Correction Services (DCS),Eastern Cape,St Albans,Surgcal Face Masks: No Branding,Zondiphase,2014/172473/07,Written Qoutation,2020-04-01,29970.00
Department of Correction Services (DCS),Eastern Cape,St Albans,Surgical Gloves: Med Tex Gloves,Regent Incorporated,2006/127102/23,Written Qoutation,2020-03-27,29055.00
Department of Correction Services (DCS),Eastern Cape,St Albans,Surgical Gloves:No Branding,Zondiphase,2014/172473/07,Written Qoutation,2020-04-10,28000.00
Department of Correction Services (DCS),Eastern Cape,St Albans,Surgical Mask,Regent Incorporated,2006/127102/23,Written Qoutation,2020-03-27,29940.00
Department of Correction Services (DCS),Eastern Cape,St Albans,Surgical Masks,The Filling System,2007/191055/23,Written Qoutation,2020-03-30,29900.00
Department of Correction Services (DCS),Eastern Cape,St Albans,Surgical Masks,Zondiphase,2014/172473/07,Written Qoutation,2020-04-10,29960.00
Department of Correction Services (DCS),Eastern Cape,St Albans,Surgical Masks: No Branding,Hyman,2016/463127/07,Written Qoutation,2020-04-15,29989.13
Department of Correction Services (DCS),Eastern Cape,St Albans,Take away containers,Nokwinti,2014/1000659/07,Written Qoutation,2020-07-09,19404.00
Department of Correction Services (DCS),Eastern Cape,St Albans,Take away containers,Putumuncumo,2013/197432/07,Written Qoutation,2020-07-13,23760.00
Department of Correction Services (DCS),Eastern Cape,St Albans,Thermometer,Adesin Creations,2014/052306/07,Written Qoutation,2020-04-14,29250.00
Department of Correction Services (DCS),Eastern Cape,St Albans,"Visors, Helmet",Arc Technology,2017/162066/07,Contract,2020-06-03,118500.00
Department of Correction Services (DCS),Eastern Cape,East London,Sanitizer 70% Alcohol,Dstnctv Business,2017/364641/07,Written Qoutation,2020-03-27,103500.00
Department of Correction Services (DCS),Eastern Cape,East London,N95 Mask,Mhlaba Group,2017/134862/07,CONTRACT,2020-03-27,60000.00
Department of Correction Services (DCS),Eastern Cape,East London,Heavy Duty Cleaning Gloves,Fresh And Clean,2002/096275/23,Written Qoutation,2020-04-14,1400.00
Department of Correction Services (DCS),Eastern Cape,East London,Surgical Masks: No Branding,Ewe Projects,2015/054348/07,Written Qoutation,2020-03-27,92400.00
Department of Correction Services (DCS),Eastern Cape,East London,Protective Overalls,Fresh And Clean,2002/096275/23,Written Qoutation,2020-04-14,7000.00
Department of Correction Services (DCS),Eastern Cape,East London,Shoe Covers,Fresh And Clean,2002/096275/23,Written Qoutation,2020-04-14,273.70
Department of Correction Services (DCS),Eastern Cape,East London,Protective Overalls,Zondi Phase,2014/172473/07,Written Qoutation,2020-04-15,18000.00
Department of Correction Services (DCS),Eastern Cape,East London,Paper Towels,Shosho Industrial,2003/009940/23,COntract,2020-03-16,2971.00
Department of Correction Services (DCS),Eastern Cape,East London,Paper Towels,Promed,2014/142486/07,COntract,2020-03-18,1763.00
Department of Correction Services (DCS),Eastern Cape,East London,Paper Towels,Promed,2014/142486/07,COntract,2020-03-25,840.00
Department of Correction Services (DCS),Eastern Cape,East London,Thermometers,Dr Temp,2013/120599/07,COntract,2020-03-25,5152.00
Department of Correction Services (DCS),Eastern Cape,East London,N95 Mask,Liora Medical,2011/013434/23,Written Qoutation,2020-04-22,52804.50
Department of Correction Services (DCS),Eastern Cape,East London,Sanitizer 70% Alcohol,Ewe Projects,2015/054348/07,Price quotation below R30 000.00,2020-04-01,29750.00
Department of Correction Services (DCS),Eastern Cape,East London,Surgical Masks,Mhlaba Group,2017/134862/07,CONTRACT,2020-03-30,20000.00
Department of Correction Services (DCS),Eastern Cape,East London,DISPOSABLE COVERALLS,PURPOSERVE SERVCE,,,2020-06-17,22500.00
Department of Correction Services (DCS),Eastern Cape,East London,Sanitizer 70% Alcohol,lechoba medical,2005/044442/07,CONTRACT,2020-05-06,72900.00
Department of Correction Services (DCS),Eastern Cape,East London,SURGICAL MASK,lechoba medical,2005/044442/07,CONTRACT,2020-04-09,28125.00
Department of Correction Services (DCS),Eastern Cape,East London,DISPOSABLE COVERALLS,LAPUMIKHWEZI PROJECTS,,Written Qoutation,2020-06-18,25200.00
Department of Correction Services (DCS),Eastern Cape,East London,DISPOSABLE GOWNS,LOGAN MEDICAL,2012/056508/07,CONTRACT,2020-05-19,120750.00
Department of Correction Services (DCS),Eastern Cape,East London,Sanitizer 70% Alcohol,Promed,2014/142486/07,CONTRACT,2020-06-05,36000.00
Department of Correction Services (DCS),Eastern Cape,East London,DISPOSABLE COVERALLS,SIPILISIWE TRADING,2011/126939/07,Written Qoutation,2020-06-05,28000.00
Department of Correction Services (DCS),Eastern Cape,East London,GLOVES,EVERGREEN LATEX,2002/057771/23,CONTRACT,2020-03-23,7114.80
Department of Correction Services (DCS),Eastern Cape,East London,GLOVES,EVERGREEN LATEX,2002/057771/23,CONTRACT,2020-03-23,249300.00
Department of Correction Services (DCS),Eastern Cape,East London,GLOVES,EVERGREEN LATEX,2002/057771/23,CONTRACT,2020-03-23,49860.00
Department of Correction Services (DCS),Eastern Cape,East London,GLOVES,EVERGREEN LATEX,2002/057771/23,CONTRACT,2020-03-23,49860.00
Department of Correction Services (DCS),Eastern Cape,East London,VISORS,ARC TECHNOLOGY,2017/162066/07,CONTRACT,2020-05-19,7305.00
Department of Correction Services (DCS),Eastern Cape,East London,VISORS,FOCAL POINT,2013/057783/07,Written Qoutation,2020-05-27,14700.00
Department of Correction Services (DCS),Eastern Cape,East London,Sanitizer 70% Alcohol,BARRS PHARM,2012/056577/07,CONTRACT,2020-03-23,157900.00
Department of Correction Services (DCS),Eastern Cape,East London,Sanitizer 70% Alcohol,BARRS PHARM,2012/056577/07,CONTRACT,2020-03-20,43592.50
Department of Correction Services (DCS),Eastern Cape,East London,Sanitizer 70% Alcohol,BARRS PHARM,2012/056577/07,CONTRACT,2020-06-05,25164.00
Department of Correction Services (DCS),Eastern Cape,East London,Shoe Covers,MEDICAL INTERNATIONAL,2007/023366/23,CONTRACT,2020-05-28,57690.00
Department of Correction Services (DCS),Eastern Cape,East London,Shoe Covers,KKAP MEDICAL,2016/084247/07,CONTRACT,2020-05-08,12600.00
Department of Correction Services (DCS),Eastern Cape,East London,APRON PLASTIC,CENTRAL MEDICAL,1995/003785/07,CONTRACT,2020-03-25,960.00
Department of Correction Services (DCS),Eastern Cape,East London,SURGICAL MASKS,TRIPPLE MEDICAL,2011/129850/07,CONTRACT,2020-04-29,130200.00
Department of Correction Services (DCS),Eastern Cape,East London,SURGICAL MASK,ARC TECHNOLOGY,2017/162066/07,CONTRACT,2020-05-22,119800.00
Department of Correction Services (DCS),Eastern Cape,East London,VISORS,ARC TECHNOLOGY,2017/162066/07,CONTRACT,2020-05-22,4450.00
Department of Correction Services (DCS),Eastern Cape,East London,DISPOSABLE COVERALLS,ALLENCO MEDICAL,2001/068091/23,CONTRACT,2020-05-28,310500.00
Department of Correction Services (DCS),Eastern Cape,East London,ARM SLEEVES,MEDI CORE,2015/312638/07,CONTRACT,2020-05-08,660.00
Department of Correction Services (DCS),Eastern Cape,East London,DISPOSABLE GOWNS,LOGAN MEDICAL,2012/312638/07,CONTRACT,2020-05-08,8050.00
Department of Correction Services (DCS),Eastern Cape,East London,ARM SLEEVES,MEDI CORE,,CONTRACT,2020-05-08,440.00
Department of Correction Services (DCS),Eastern Cape,East London,VISORS,SAKHILE CIVIL,2015/271058/07,Written Qoutation,2020-06-04,14750.00
Department of Correction Services (DCS),Eastern Cape,East London,DISPOSABLE APRONS,TSHINA DESTINY TRADING,2016/440969/07,Written Qoutation,2020-05-28,12950.00
Department of Correction Services (DCS),Eastern Cape,East London,DISPOSABLE GOWNS,ASILINA 86 TRADING,2013/111131/07,Written Qoutation,2020-05-28,28900.00
Department of Correction Services (DCS),Eastern Cape,East London,SURGICAL MASKS,TRIPPLE MEDICAL,2011/129850/07,CONTRACT,2020-03-27,5208.00
Department of Correction Services (DCS),Eastern Cape,East London,Thermometers,Dr Temp,2013/120599/07,CONTRACT,2020-03-25,5152.00
Department of Correction Services (DCS),Eastern Cape,East London,SR-021098,Itstym General,2009//128911/23,Written Qoutation,2020-03-17,3899.10
Department of Correction Services (DCS),Eastern Cape,East London,DECONTAMINATION,DOMINION CONSULTIN,2015/428473/07,Written Qoutation,2020-07-29,13230.00
Department of Correction Services (DCS),Eastern Cape,Regional office,An pure life Surgical mask,MN Investment,2014/098098/07,Quotation deviation,2020-03-26,13950.00
Department of Correction Services (DCS),Eastern Cape,Regional office,Sani guard blue alcohol based hand sanitiser,MN Investment,2014/098098/07,Quotation deviation,2020-03-26,23400.00
Department of Correction Services (DCS),Eastern Cape,Regional office,Max guard blue nitrile gloves,MN Investment,2014/098098/07,Quotation deviation,2020-03-26,2400.00
Department of Correction Services (DCS),Eastern Cape,Regional office,Max guard blue nitrile gloves,Isibanye academy,2016/481835/07,Quotation deviation,2020-04-14,67800.00
Department of Correction Services (DCS),Eastern Cape,Regional office,An pure life disposable face mask L,Isibanye academy,2016/481835/07,Quotation deviation,2020-04-14,14000.00
Department of Correction Services (DCS),Eastern Cape,Regional office,An pure life disposable face mask XL,Isibanye academy,2016/481835/07,Quotation deviation,2020-04-14,2800.00
Department of Correction Services (DCS),Eastern Cape,Barberton,SU Disposable face mask,BIOLOGICAL PHARMACEUTIL,2013/067392/07,RT-296/2020,2020-03-20,133250.00
Department of Correction Services (DCS),Eastern Cape,Barberton,coverall bodysuite,Alfrehutch Trading,2008/130764/23,RTCOVID19-014,2020-03-20,4488000.00
Department of Correction Services (DCS),Eastern Cape,Barberton,medical  and surgical disposable bags,"PROMED TECHNOLOGIES
18 DRIFT ROAD",2014/162486/07,RTCOVID19-011,2020-03-20,100000.00
Department of Correction Services (DCS),Eastern Cape,Barberton,VACCINE: INFLUENZA,KAHMA BIOTECH PTY,1997/014365/07,RT-285/2019,2020-03-31,31504.77
Department of Correction Services (DCS),Eastern Cape,Barberton,EVERGREEN LATEX:POWDER FREE,EVERGREEN LATEX CC,2002/057771/23,RT-76/2020,2020-03-20,4986.00
Department of Correction Services (DCS),Eastern Cape,Barberton,TANKS DISINFECTANT,"PROMED TECHNOLOGIES
18 DRIFT ROAD",2014/162486/07,RTCOVID19-013,2020-03-23,2250.00
Department of Correction Services (DCS),Eastern Cape,Barberton,Protective goggles,LECHOBA MEDICAL,2005/044442/07,RTCOVID19-016,2020-03-20,131800.00
Department of Correction Services (DCS),Eastern Cape,Barberton,disposable aprons,central Medical,1995/003785/07,RT-32/2019,2020-05-13,41600.00
Department of Correction Services (DCS),Eastern Cape,Barberton,NUGARD,SUPRA HEALTHCARE,2007/027848/07,RT-76/2020,2020-05-13,40833.60
Department of Correction Services (DCS),Eastern Cape,Barberton,No brand on the product,THE PROMISE OF DREAMS,2016/409541/07,Quotation,2020-04-18,21340.00
Department of Correction Services (DCS),Eastern Cape,Bethal,Surgical masks 3ply,Cherish,2014/117876/07,Quotations,2020-08-04,29985.00
Department of Correction Services (DCS),Eastern Cape,Bethal,Surgical masks 3ply,Zayaan,2016/453418/07,Quotations,2020-08-04,30000.00
Department of Correction Services (DCS),Eastern Cape,Bethal,Surgical masks 3ply,AQ Distr,2014/092518/07,Quotations,2020-08-04,27000.00
Department of Correction Services (DCS),Eastern Cape,Bethal,Surgical masks 3ply,Azinaz,2007/177166/23,Quotations,2020-08-04,29025.00
Department of Correction Services (DCS),Eastern Cape,Bethal,Surgical masks 3ply,Lynx,88/018201/23,Quotations,2020-06-04,3000.00
Department of Correction Services (DCS),Eastern Cape,Bethal,mask particulate filtering disp smll,Alfrehutch,2008/130764/23,RT Covid19-001,2020-03-26,5610.00
Department of Correction Services (DCS),Eastern Cape,Bethal,surgical mask fluid mask,Tripple N Med,2011/129850/07,RT Covid19-007,2020-03-26,520800.00
Department of Correction Services (DCS),Eastern Cape,Bethal,N95 masks,Liora med,2011/013434/23,RT 32/2019,2020-03-18,18725.00
Department of Correction Services (DCS),Eastern Cape,Bethal,Disposable scrub suit,Promed,2014/162486/07,RT 32/2019,2020-03-18,11915.00
Department of Correction Services (DCS),Eastern Cape,Bethal,Full face shield,NJD proj,2016/016551/07,Quotations,2020-03-26,21812.50
Department of Correction Services (DCS),Eastern Cape,Bethal,Disposable aprons,Centre med,1995/003785/07,RT 32/2019,2020-03-18,960.00
Department of Correction Services (DCS),Eastern Cape,Bethal,Disposable aprons,Letsepe,2017/339715/07,Quotations,2020-01-04,415.00
Department of Correction Services (DCS),Eastern Cape,Bethal,Non Sterile Gloves med,Evergreen,2002/057771/23,RT 76/2020,2020-03-18,29916.00
Department of Correction Services (DCS),Eastern Cape,Bethal,Non Sterile Gloves large,Evergreen,2002/057771/23,RT 76/2020,2020-03-18,29916.00
Department of Correction Services (DCS),Eastern Cape,Bethal,supplier cancelled order,Access med,2012/013099/07,RT 76/2020,2020-03-18,29718.00
Department of Correction Services (DCS),Eastern Cape,Bethal,Gloves heavy duty,Letsepe,2017/339715/07,Quotations,2020-03-26,1275.00
Department of Correction Services (DCS),Eastern Cape,Bethal,Temperature Scanner,AQ Distr,2014/092518/07,Quotations,2020-09-04,26000.00
Department of Correction Services (DCS),Eastern Cape,Bethal,Temperature Scanner,Champion,1985/008714/23,Quotations,2020-09-04,28462.50
Department of Correction Services (DCS),Eastern Cape,Bethal,Temperature Scanner,Champion,1985/008714/23,Quotations,2020-04-14,28462.50
Department of Correction Services (DCS),Eastern Cape,Bethal,supplier cancelled order,Dr Temp,2013/120599/07,RT 32/2019,2020-03-18,19320.00
Department of Correction Services (DCS),Eastern Cape,Bethal,Alcohol based hand sanitiser chlorhexidine 500ml,Barrs pharma,2012/056577/07,RT 300/20217,2020-03-18,49230.00
Department of Correction Services (DCS),Eastern Cape,Bethal,Hand sanitiser disinfectant spray 50ml,Barrs pharma,2012/056577/07,RT 300/20217,2020-03-18,49950.00
Department of Correction Services (DCS),Eastern Cape,Bethal,Hand sanitiser disinfectant spray 500ml,Barrs pharma,2012/056577/07,RT 300/20217,2020-03-18,54800.00
Department of Correction Services (DCS),Eastern Cape,Bethal,Hand sanitiser disinfectant spray 5lt,Barrs pharma,2012/056577/07,RT 300/20217,2020-03-18,15993.00
Department of Correction Services (DCS),Eastern Cape,Bethal,Hand sanitizer alcohol base,Cosmos pharmacy,2008/140005/23,Quotations,2020-02-04,2500.00
Department of Correction Services (DCS),Eastern Cape,Bethal,Spray air sanitizer 500ml,Cosmos pharmacy,2008/140005/23,Quotations,2020-02-04,1320.00
Department of Correction Services (DCS),Eastern Cape,Bethal,Hand sanitizer 70% alcohol,Lynx,88/018201/23,Quotations,2020-06-04,22500.00
Department of Correction Services (DCS),Eastern Cape,Bethal,Hand sanitizer 70% alcohol,Lynx,88/018201/23,Quotations,2020-06-04,30000.00
Department of Correction Services (DCS),Eastern Cape,Bethal,Sanitizer hand 70% alcohol,Logan med,2012/056508/23,RT Covid19-008,2020-03-28,32200.00
Department of Correction Services (DCS),Eastern Cape,Bethal,Sanitizer hand 70% alcohol,Tara med,2019/237077/07,RT Covid19-008,2020-03-28,29550.00
Department of Correction Services (DCS),Eastern Cape,Bethal,Sanitizer hand 500ml,Letsepe,2017/339715/07,Quotations,2020-01-04,29830.00
Department of Correction Services (DCS),Eastern Cape,Bethal,Soap liquid handwash,Eiesh clean,2007/226814/23,Quotations,2020-03-18,15840.00
Department of Correction Services (DCS),Eastern Cape,Bethal,Paper towels,Promed,2014/162486/07,RT 14/2019,2020-03-18,21000.00
Department of Correction Services (DCS),Eastern Cape,Bethal,Spray Bottles (1 liters),Globaldyne,2013/102388/07,Quotations,2020-01-04,30000.00
Department of Correction Services (DCS),Eastern Cape,Bethal,Plastic Covered Matresses,NJD proj,2016/016551/07,Quotations,2020-03-26,10000.00
Department of Correction Services (DCS),Eastern Cape,Bethal,Matress Cover for hospitals,Letsepe,2017/339715/07,Quotations,2020-03-26,5085.60
Department of Correction Services (DCS),Eastern Cape,Bethal,Brush Surgical Sterile (single use),Logan med,2012/056508/23,RT 32/2019,2020-03-18,903.00
Department of Correction Services (DCS),Eastern Cape,Bethal,Over shoe non woven (single use),Letsepe,2017/339715/07,Quotations,2020-01-04,425.00
Department of Correction Services (DCS),Eastern Cape,Bethal,Sleeve protector (single use),Letsepe,2017/339715/07,Quotations,2020-01-04,439.50
Department of Correction Services (DCS),Eastern Cape,Bethal,Flu Vaccine,Kahma,1997/014365/07,RT 285/2019,2020-03-18,119790.00
Department of Correction Services (DCS),Eastern Cape,Bethal,Hand sanitizer/Soap liquid handwash,BONTLEBATENG,2015/136921/07,Quotations,2020-04-02,28000.00
Department of Correction Services (DCS),Eastern Cape,Bethal,Hand Sanitizer Gel 6L,Bidvest steiner,2000/011155/07,Petty Cash,2020-03-24,931.60
Department of Correction Services (DCS),Eastern Cape,Bethal,Sprayer Pressure 8L x 2,Hinderland,1984/008258/07,Petty Cash,2020-04-17,519.80
Department of Correction Services (DCS),Eastern Cape,Rooigrond,Surgical mask,Bosane groups,2016/061318/07,Quotation no deviation,2020-04-28,29725.00
Department of Correction Services (DCS),Eastern Cape,Rooigrond,"Surgical mask, themometers",Kesodi projects,2012/184843/07,Quotation no deviation,2020-04-17,29980.00
Department of Correction Services (DCS),Eastern Cape,Rooigrond,themometers,Leno general project,2018/469949/07,Quotation no deviation,2020-04-09,28000.00
Department of Correction Services (DCS),Eastern Cape,Rooigrond,"hand sanitizer,surgical gloves, mask,appron and sleevescover",Letsepe medical services supplies,2017/339715/07,Quotation no deviation,2020-04-08,27485.45
Department of Correction Services (DCS),Eastern Cape,Rooigrond,surgical mask and hand saniters,Lynx supplies,1988/018201/23,Quotation no deviation,2020-04-03,29775.00
Department of Correction Services (DCS),Eastern Cape,Rooigrond,surgical mask,Ya Batho events and travel,2009/024728/23,Quotation no deviation,2020-04-07,29988.00
Department of Correction Services (DCS),Eastern Cape,Polokwane Area,Equipment for Isolation Container: Work Desk,Makro Polokwane,1991/006805/07,Quotation form Supplier,2020-07-05,3596.00
Department of Correction Services (DCS),Eastern Cape,,Equipment for Isolation Container: Twin Tub Washing Machine,Makro Polokwane,1991/006805/07,Quotation form Supplier,2020-07-05,6598.00
Department of Correction Services (DCS),Eastern Cape,,Equipment for Isolation Container: Steel Filing Cabinet,Makro Polokwane,1991/006805/07,Quotation form Supplier,2020-07-05,5398.00
Department of Correction Services (DCS),Eastern Cape,,Equipment for Isolation Container: Steel Gents Wardrobe,Makro Polokwane,1991/006805/07,Quotation form Supplier,2020-07-05,11996.00
Department of Correction Services (DCS),Eastern Cape,,Equipment for Isolation Container: Air Con 12000 BTU,Makro Polokwane,1991/006805/07,Quotation form Supplier,2020-07-05,13998.00
Department of Correction Services (DCS),Eastern Cape,,Equipment for Isolation Container: Micro Wave 20lt,Makro Polokwane,1991/006805/07,Quotation form Supplier,2020-07-05,1798.00
Department of Correction Services (DCS),Eastern Cape,,Equipment for Isolation Container: Bar Fridge,Makro Polokwane,1991/006805/07,Quotation form Supplier,2020-07-05,3798.00
Department of Correction Services (DCS),Eastern Cape,,Equipment for Isolation Container: Chair Burgandy,Makro Polokwane,1991/006805/07,Quotation form Supplier,2020-07-05,7380.00
Department of Correction Services (DCS),Eastern Cape,,Medical Equipment for Isolation Container,Ecomed Medical (Pty) Ltd,2016/084766/07,Quotation CSD Supplier,2020-05-20,185534.00
Department of Correction Services (DCS),Eastern Cape,"RUSTENBURG
(RUSTENBURG C C)",SURGICAL GOWNS  - PROCARE,PROMED TECHNOLOGIES,2014/162486/07,RTCOVID,2020-03-18,11777.00
Department of Correction Services (DCS),Eastern Cape,"RUSTENBURG
(RUSTENBURG C C)",PAPER TOWELS - PROWIPE,PROMED TECHNOLOGIES,2014/162486/07,RT14-2019,2020-03-18,41812.50
Department of Correction Services (DCS),Eastern Cape,"RUSTENBURG
(RUSTENBURG C C)",SURGICAL GOWNS - TARA PROTECT,LOGAN MEDICAL AND SURGICAL,2012/056508/07,RTCOVID,2020-03-18,6000.00
Department of Correction Services (DCS),Eastern Cape,"RUSTENBURG
(RUSTENBURG C C)",N95 MASKS,LIORA MEDICAL SUPPLIES,2011/013434/23,RT32-2019,2020-03-18,107535.00
Department of Correction Services (DCS),Eastern Cape,"RUSTENBURG
(RUSTENBURG C C)",EXAMINATION GLOVES - EVERGREEN,EVERGREEN LATEX,2002/057771/23,RT76-2020,2020-03-19,29916.00
Department of Correction Services (DCS),Eastern Cape,"RUSTENBURG
(RUSTENBURG C C)",SANITIZER 25LR - GOLDEN SUPER,KISLEV SERVICES AND PROJECTS,2015/228734/07,"QUOTATION -DUE TO NON DELIVERY OF RT
CONRACT COMPANIES",2020-03-25,14250.00
Department of Correction Services (DCS),Eastern Cape,"RUSTENBURG
(RUSTENBURG C C)",LATEX GLOVES - AKACIA MEDICAL,KISLEV SERVICES AND PROJECTS,2015/228734/07,"QUOTATION -DUE TO NON DELIVERY OF RT
CONRACT COMPANIES",2020-03-25,8100.00
Department of Correction Services (DCS),Eastern Cape,"RUSTENBURG
(RUSTENBURG C C)",SANITIZER 400ML - CLERE,"LECHOBA MEDICAL
TECHNOLOGIES",2005/044442/07,RT-COVID,2020-03-20,30375.00
Department of Correction Services (DCS),Eastern Cape,"RUSTENBURG
(RUSTENBURG C C)",THERMOMETER - FC-IR200,SANBONANI HOLDINGS,2004/000822/07,"QUOTATION -DUE TO NON DELIVERY OF RT
CONRACT COMPANIES",2020-04-07,10500.00
Department of Correction Services (DCS),Eastern Cape,"RUSTENBURG
(RUSTENBURG C C)",SURGICAL MASKS - CHINESE WRITING,AQUA MATRIX,2003/019966/23,RTCOVID,2020-03-25,19500.00
Department of Correction Services (DCS),Eastern Cape,"RUSTENBURG
(RUSTENBURG C C)",SANITIZERS - BIDVEST,CLUB FUNDS,"RUSTENBURG CC CLUB DOESNT
HAVE REGISTRATION NUMBER","QUOTATION -DUE TO NON DELIVERY OF RT
CONRACT COMPANIES",2020-03-25,5122.62
Department of Correction Services (DCS),Eastern Cape,"RUSTENBURG
(RUSTENBURG C C)",PROTECTIVE CLOTH MASK,STRIVING MIND,2010/020427/23,"QUOTATION -DUE TO NON DELIVERY OF RT
CONRACT COMPANIES",2020-12-04,37200.00
Department of Correction Services (DCS),Eastern Cape,"RUSTENBURG
(RUSTENBURG C C)",16 LITER SPRAYER XP JATCO,ROOFICA (PTY) LTD,2018/488656/07,"QUOTATION -DUE TO NON DELIVERY OF RT
CONRACT COMPANIES",2020-04-14,7924.98
Department of Correction Services (DCS),Eastern Cape,"RUSTENBURG
(RUSTENBURG C C)",SURGICAL MASKS,QUALITY MEDICAL,2015/019742/07,RTCOVID,2020-03-20,155250.00
Department of Correction Services (DCS),Eastern Cape,"RUSTENBURG
(RUSTENBURG C C)",FULL FACE SHIELD (PROTECTIVE),QUALITY MEDICAL,2015/019742/07,RTCOVID,2020-03-20,26000.00
Department of Correction Services (DCS),Eastern Cape,"RUSTENBURG
(RUSTENBURG C C)",DISPOSABLE APRON,QUALITY MEDICAL,2015/019742/07,TR 32-2019 :CANCELLED DUE TO NO STOCK.,2020-03-20,3200.00
Department of Correction Services (DCS),Eastern Cape,"RUSTENBURG
(RUSTENBURG C C)",DISPOSABLE SCRUB SUIT,BARRS PHARMACEUTICAL,2012/056577/07,RT300-2017,2020-03-20,2192.00
Department of Correction Services (DCS),Eastern Cape,"RUSTENBURG
(RUSTENBURG C C)",ALCOHOL BASED HAND SANITISER,BARRS PHARMACEUTICAL,2012/056577/07,RT300-2017,2020-03-27,16710.00
Department of Correction Services (DCS),Eastern Cape,"RUSTENBURG
(RUSTENBURG C C)",ALCOHOL BASED HAND SANITISER-STEINER,CLUB FUNDS,"RUSTENBURG CC CLUB DOESNT
HAVE REGISTRATION NUMBER","QUOTATION -DUE TO NON DELIVERY OF RT
CONRACT COMPANIES",2020-03-30,4404.00
Department of Correction Services (DCS),Eastern Cape,"RUSTENBURG
(MOGWASE CC)",SURGICAL GOWNS  - PROCARE,PROMED TECHNOLOGIES,2014/162486/07,RT32-2019,2020-03-19,5242.60
Department of Correction Services (DCS),Eastern Cape,"RUSTENBURG
(MOGWASE CC)",SAFETY GOGGLES- DROMEX,LECHOBA MEDICAL,2005/044442/07,"QUOTATION -DUE TO NON DELIVERY OF RT
CONRACT COMPANIES",2020-02-04,26360.00
Department of Correction Services (DCS),Eastern Cape,"RUSTENBURG
(MOGWASE CC)",SURGICAL GLOVES- EVERGREEN,EVERGREEN LATEX,2002/057771/23,RT32-2019,2020-03-19,11318.22
Department of Correction Services (DCS),Eastern Cape,"RUSTENBURG
(MOGWASE CC)",HEAVY DUTY RUBBER CLEANING GLOVES -SALVATEX,MISHMARK PROJECTS,2018/307081/07,"QUOTATION -DUE TO NON DELIVERY OF RT
CONRACT COMPANIES",2020-03-23,9200.00
Department of Correction Services (DCS),Eastern Cape,"RUSTENBURG
(MOGWASE CC)",QUARANTINED TENT-NO BRANDING,OATE SA PROJECTS,2017/330128/07,"QUOTATION -DUE TO NON DELIVERY OF RT
CONRACT COMPANIES",2020-03-04,
Department of Correction Services (DCS),Eastern Cape,"RUSTENBURG
(MOGWASE CC)",TEMPERATURE SCANNER -CARE FOR YOU,LECHOBA MEDICAL,2005/044442/07,RTCOVID,2020-08-04,8093.40
Department of Correction Services (DCS),Eastern Cape,"RUSTENBURG
(MOGWASE CC)",SANITIZER 25LR - GOLDEN SUPER,KISLEV SERVICES,2015/228734/07,"QUOTATION -DUE TO NON DELIVERY OF RT
CONRACT COMPANIES",2020-03-27,
Department of Correction Services (DCS),Eastern Cape,"RUSTENBURG
(MOGWASE CC)",SURGICAL MUSK-CHINESE WRITINGS,KWENATLASE TRADING,2009/134829/23,"QUOTATION -DUE TO NON DELIVERY OF RT
CONRACT COMPANIES",2020-01-04,
Department of Correction Services (DCS),Eastern Cape,"RUSTENBURG
(MOGWASE CC)",SANITIZER 400ML - CLERE,LECHOBA MEDICAL,2005/044442/07,RTCOVID,2020-03-23,
Department of Correction Services (DCS),Eastern Cape,"RUSTENBURG
(MOGWASE CC)",SURGICAL MASKS -OUTSTANDING,QUALITY MEDICAL SUPPLIERS,2015/019742/07,RTCOVID,2020-03-27,27945.00
Department of Correction Services (DCS),Eastern Cape,"RUSTENBURG
(MOGWASE CC)",ALCOHOL HAND BASED SANITISER-STERISOL,BARRS PHARMACETICAL,2012/056577/07,RT300-2018,2020-03-19,16410.00
Department of Correction Services (DCS),Eastern Cape,"RUSTENBURG
(MOGWASE CC)",PAPER TOWELS-PRO WIPE,PROMED TECHNOLOGIES,2014/162486/07,RT 14,2020-03-19,11150.00
Department of Correction Services (DCS),Eastern Cape,"RUSTENBURG
(MOGWASE CC)",70% ALCOHOL HAND BASED SANITISER,CLUB FUNDS,MOGWASE CC CLUB DOESNT HAV,"Q RUEOGTISATTRIAOTNIO -DNU NEU TMOB NEORN DELIVERY OF RT
CONRACT COMPANIES",2020-03-20,14250.00
Department of Correction Services (DCS),Eastern Cape,"RUSTENBURG
(MOGWASE CC)",PROTECTIVE CLOTH MASK-NO BRANDING,STRIVING MIND,2010/020427/23,"QUOTATION -DUE TO NON DELIVERY OF RT
CONRACT COMPANIES",2020-12-04,27600.00
Department of Correction Services (DCS),Eastern Cape,"RUSTENBURG
(MOGWASE CC)",16 LITER SPRAYER XP JATCO,ROOFICA (PTY) LTD,2018/488656/07,"QUOTATION -DUE TO NON DELIVERY OF RT
CONRACT COMPANIES",2020-04-14,7924.98
Department of Correction Services (DCS),Eastern Cape,"RUSTENBURG
(LOSPERFONTEIN CC)",DIGITAL BODY THERMOMETER-OUTSTANDING,MULTISURGE (PTY) LTD,2014/170364/07,RTCOVID,2020-03-25,11500.00
Department of Correction Services (DCS),Eastern Cape,"RUSTENBURG
(LOSPERFONTEIN CC)",SURFACE SANITIZER 70% ALOCOHOL,ROOTFICA (PTY) LTD,2018/488656/07,"QUOTATION -DUE TO NON DELIVERY OF RT
CONRACT COMPANIES",2020-04-21,28275.00
Department of Correction Services (DCS),Eastern Cape,"RUSTENBURG
(LOSPERFONTEIN CC)",MASKS N95-PARTIAL DELIVERY,LIORA MEDICAL SUPPLIERS,2011/013434/23,RT32-2019,2020-03-18,11235.00
Department of Correction Services (DCS),Eastern Cape,"RUSTENBURG
(LOSPERFONTEIN CC)",HAND SANITIZERS 70% ALCOHOL,LECHOBA MEDICAL TECHNOLOGIE,2005/044442/07,RTCOVID,2020-03-20,30375.00
Department of Correction Services (DCS),Eastern Cape,"RUSTENBURG
(LOSPERFONTEIN CC)",SURGICAL MASKS,CHEMICAL WORLD CC,2019/253242/07,RT32-2019,2020-03-18,224250.00
Department of Correction Services (DCS),Eastern Cape,"RUSTENBURG
(LOSPERFONTEIN CC)",DISPOSABLE APRONS,CENTRAL MEDICAL,1995/003785/07,RT 32-2019 :CANCELLED DUE TO NO STOCK.,2020-03-18,3200.00
Department of Correction Services (DCS),Eastern Cape,"RUSTENBURG
(LOSPERFONTEIN CC)",GLOVES EXAMINATIONS NON STERILE LARGE,PROMED TECHNOLOGIES,2014/162486/07,RT32-2019,2020-03-19,46000.00
Department of Correction Services (DCS),Eastern Cape,"RUSTENBURG
(LOSPERFONTEIN CC)",GLOVES EXAMINATIONS NON STERILE X-LARGE,PROMED TECHNOLOGIES,2014/162486/07,RT32-2019,2020-03-19,46000.00
Department of Correction Services (DCS),Eastern Cape,RUSTENBURG (LOSPERFONTEIN CC),SPRAYER 16LT XP JATCO,ROOTFICA (PTY) LTD,2018/488656/07,"QUOTATION -DUE TO NON DELIVERY OF RT
CONRACT COMPANIES",2020-04-15,11887.47
Department of Correction Services (DCS),Eastern Cape,"RUSTENBURG
(LOSPERFONTEIN CC)",SANNITIZERS 70% 500ML ALCOHOL,BARRS PHARMACITICAL,2012/056577/07,RT300-2017,2020-03-18,2368.50
Department of Correction Services (DCS),Eastern Cape,"RUSTENBURG
(LOSPERFONTEIN CC)",CHLORHEXIDINE 4% SURGICAL SCRUB 500ML,BARRS PHARMACITICAL,2012/056577/07,RT300-2017,2020-03-19,21150.00
Department of Correction Services (DCS),Eastern Cape,"RUSTENBURG
(LOSPERFONTEIN CC)",HAND PAPER TOWELS,PROMED TECHNOLOGIES,2014/162486/07,RT 14 - CANCELLED DUE TO NO STOCK.,2020-03-19,2787.50
Department of Correction Services (DCS),Eastern Cape,"RUSTENBURG
(LOSPERFONTEIN CC)",MASKS SURGICAL,QUALITY MEDICAL SUPPLIERS,2003/019966/23,RTCOVID,2020-03-20,155250.00
Department of Correction Services (DCS),Eastern Cape,"RUSTENBURG
(LOSPERFONTEIN CC)",FULL FACE SHIELD GOOGLES,ARC TECHNOLOGY,2017/162066/07,RTCOVID,2020-03-20,11200.00
Department of Correction Services (DCS),Eastern Cape,"RUSTENBURG
(LOSPERFONTEIN CC)",SURGICAL GOWNS NON WOOVEN,LOGAN MEDICAL AND SURGICAL S,2P0P1L2IE/R0S56508/07,RT32-2019,2020-03-20,10000.00
Department of Correction Services (DCS),Eastern Cape,"RUSTENBURG
(LOSPERFONTEIN CC)",DISPOSABLE GOWNS-OUTSTANDING,LOGAN MEDICAL AND SURGICAL S,2P0P1L2IE/R0S56508/07,RT32-2019,2020-03-18,4025.00
Department of Correction Services (DCS),Eastern Cape,"RUSTENBURG
(LOSPERFONTEIN CC)",MASKS FACE WASHABLE,STRVING MIND TRADING62CC,2010/020427/23,"QUOTATION -DUE TO NON DELIVERY OF RT
CONRACT COMPANIES",2020-12-04,55200.00
Department of Correction Services (DCS),Eastern Cape,"RUSTENBURG
(LOSPERFONTEIN CC)",MASKS FFP1 (120 BX),LENONG GENERAL PROJECTS,2018/469949/07,"QUOTATION -DUE TO NON DELIVERY OF RT
CONRACT COMPANIES",2020-04-03,24000.00
Department of Correction Services (DCS),Eastern Cape,"RUSTENBURG
(LOSPERFONTEIN CC)",SURGICAL GLOVES,LENONG GENERAL PROJECTS,2018/469949/07,"QUOTATION -DUE TO NON DELIVERY OF RT
CONRACT COMPANIES",2020-04-03,5000.00
Department of Correction Services (DCS),Eastern Cape,"RUSTENBURG
(LOSPERFONTEIN CC)",TEMPERATURE SCANNERS INFRARED,YA BATHO TRAVEL AND EVENTS M,2N0A0G9/E0M24E7N2T8/23,"QUOTATION -DUE TO NON DELIVERY OF RT
CONRACT COMPANIES",2020-07-04,28800.00
Department of Correction Services (DCS),Eastern Cape,"RUSTENBURG
(LOSPERFONTEIN CC)",16 LITER SPRAYER XP JATCO,ROOTFICA (PTY) LTD,2018/488656/07,"QUOTATION -DUE TO NON DELIVERY OF RT
CONRACT COMPANIES",2020-04-14,11887.87
Department of Correction Services (DCS),Eastern Cape,"RUSTENBURG
(LOSPERFONTEIN CC)",SURGICAL MASK-BIDVEST STEINER,CLUB FUNDS,LOSPERFONTEIN CC CLUB DOESNT,"QHAUVOET ARTEIGOINST -RDAUTEIO TNO  NUOMNB DEERLIVERY OF RT
CONRACT COMPANIES",2020-03-30,1290.00
Department of Correction Services (DCS),Eastern Cape,"RUSTENBURG
(LOSPERFONTEIN CC)",GLOVES LATEX-AQUA MEDICAL,CLUB FUNDS,LOSPERFONTEIN CC CLUB DOESNT,"QHAUVOET ARTEIGOINST -RDAUTEIO TNO  NUOMNB DEERLIVERY OF RT
CONRACT COMPANIES",2020-03-30,1035.00
Department of Correction Services (DCS),Eastern Cape,"RUSTENBURG
(LOSPERFONTEIN CC)",70% ALCOHOL HAND BASED SANITISER,CLUB FUNDS,LOSPERFONTEIN CC CLUB DOESNT,"QHAUVOET ARTEIGOINST -RDAUTEIO TNO  NUOMNB DEERLIVERY OF RT
CONRACT COMPANIES",2020-03-30,5609.20
Department of Correction Services (DCS),Eastern Cape,Klerksdorp,Diagnostic Set Universal (ENT Set),K2020104067 (PTY) LTD,2020/104067/07,price quotation (deviated from RT2-2016),2020-06-26,30000.00
Department of Correction Services (DCS),Eastern Cape,Klerksdorp,Rossmax (BP Monitoring Machine),K2020104067 (PTY) LTD,2020/104067/07,price quotation (deviated from RT2-2016),2020-06-26,15000.00
Department of Correction Services (DCS),Eastern Cape,Klerksdorp,Contour (Gloco Metre ),K2020104067 (PTY) LTD,2020/104067/07,price quotation (deviated from RT2-2016),2020-06-26,8000.00
Department of Correction Services (DCS),Eastern Cape,Klerksdorp,Nebmiko (Nebulizer),K2020104067 (PTY) LTD,2020/104067/07,price quotation (deviated from RT2-2016),2020-06-26,6000.00
Department of Correction Services (DCS),Eastern Cape,Klerksdorp,Fibre Optic (Laryngoscope),K2020104067 (PTY) LTD,2020/104067/07,price quotation (deviated from RT2-2016),2020-06-26,15000.00
Department of Correction Services (DCS),Eastern Cape,Witbank,Surgical masks. No branding,Ndzalama Enterprise,2015/052123/07,Price quotation,2020-03-30,30000.00
Department of Correction Services (DCS),Eastern Cape,Witbank,Surgical masks. No branding,Ndzalama Enterprise,2015/052123/07,Price quotation,2020-03-25,20000.00
Department of Correction Services (DCS),Eastern Cape,Witbank,Surgical masks. No branding,MRM Consulting,2015/422861/07,Price quotation,2020-07-04,29700.00
Department of Correction Services (DCS),Eastern Cape,Witbank,Surgical masks. No branding,Melon Finance,2016/201254/07,Price quotation,2020-04-21,29920.00
Department of Correction Services (DCS),Eastern Cape,Witbank,Surgical masks. No branding,Malmat Consulting,2013/216160/07,Price quotation,2020-01-04,29920.00
Department of Correction Services (DCS),Eastern Cape,Witbank,Surgical masks. No branding,Dyna MM Holdings,2017/453183/07,Price quotation,2020-04-20,29450.00
Department of Correction Services (DCS),Eastern Cape,Witbank,Surgical masks. No branding,Masedi Star Traiding Projects,2012/077477/07,Price quotation,2020-04-20,29450.00
Department of Correction Services (DCS),Eastern Cape,Witbank,Surgical masks. No branding,Kgaoza Trading,2018/023042/07,Price quotation(cancelled),2020-04-21,29906.40
Department of Correction Services (DCS),Eastern Cape,Witbank,N95 masks. No branding,Blazetronics,2020/020418/07,Price quotation,2020-03-25,14625.00
Department of Correction Services (DCS),Eastern Cape,Witbank,Dust masks. No branding,C Dimorerwa,2016/290493/07,Price quotation,2020-03-30,29250.00
Department of Correction Services (DCS),Eastern Cape,Witbank,Pine Gel. No branding,Agela Trading,2009/229370/23,Price quotation,2020-04-24,25600.00
Department of Correction Services (DCS),Eastern Cape,Witbank,Pine Gel. No branding,Goamose Trading,2019/309212/07,Price quotation,2020-07-04,15000.00
Department of Correction Services (DCS),Eastern Cape,Witbank,Washable cloth masks. No branding,African BA Tlakoa,2012/220636/07,Price quotation,2020-06-05,29900.00
Department of Correction Services (DCS),Eastern Cape,Witbank,Disposable Gown. No branding,PROMED,2014/1624486/07,RT32-2019,2020-03-23,6575.80
Department of Correction Services (DCS),Eastern Cape,Witbank,Disposable Gown. No branding,PROMED,2014/1624486/07,RT32-2019,2020-01-04,6575.80
Department of Correction Services (DCS),Eastern Cape,Witbank,Full face shield (Protective goggles). No branding,Thobalwa Traiding Pty Ltd,2016/096951/07,Price quotation,2020-03-24,17206.00
Department of Correction Services (DCS),Eastern Cape,Witbank,Disposable aprons. No branding,Central Medical Pty Ltd,1995/003785/07,Price quotation,2020-03-25,1280.00
Department of Correction Services (DCS),Eastern Cape,Witbank,Gloves latex disposable. No branding,Promed Technologies,2014/1624486/07,"Ntonal treasury contract,RT76-2020",2020-04-17,4600.00
Department of Correction Services (DCS),Eastern Cape,Witbank,Gloves latex disposable. No branding,Zeelwa Trading,2012/079149/07,Price quotation,2020-03-26,14009.00
Department of Correction Services (DCS),Eastern Cape,Witbank,Gloves latex disposable. No branding,NS Sila Company Pty,2020/100032/07,Price quotation,2020-09-04,8925.00
Department of Correction Services (DCS),Eastern Cape,Witbank,Gloves latex disposable. No branding,Anemone Projects,2017/225714/07,Price quotation,2020-04-14,28000.00
Department of Correction Services (DCS),Eastern Cape,Witbank,Gloves latex disposable. No branding,Promed,2014/1624486/07,RT14-2019,2020-04-15,46600.00
Department of Correction Services (DCS),Eastern Cape,Witbank,Gloves latex disposable. No branding,Geomat & Projects Pty LTD,2017/074716/07,Price quotation,2020-07-04,28000.00
Department of Correction Services (DCS),Eastern Cape,Witbank,Temperature Scanner. No branding,Ecomed Medical,2016/084766/07,National treasury RT300-2017,2020-03-23,1814.50
Department of Correction Services (DCS),Eastern Cape,Witbank,Temperature Scanner. No branding,Majamela Holdings,2019/176225/07,Price quotation,2020-03-23,29565.00
Department of Correction Services (DCS),Eastern Cape,Witbank,Temperature Scanner. No branding,TRIPharma Pty Ltd,2013/179232/07,Price quotation,2020-08-04,20997.55
Department of Correction Services (DCS),Eastern Cape,Witbank,Temperature Scanner. No branding,Isibane traning Academy,2016/481835/07,Price quotation,2020-08-04,28692.50
Department of Correction Services (DCS),Eastern Cape,Witbank,Alcohol based hand sanitiser. Hand scrub and hand rub. No branding,Bars Pharma,2012/056577/07,National treasury RT300-2017,2020-01-04,49230.00
Department of Correction Services (DCS),Eastern Cape,Witbank,Alcohol based hand sanitiser. Hand scrub and hand rub. No branding,Bars Pharma,2012/056577/07,National treasury RT300-2017,2020-04-17,65760.00
Department of Correction Services (DCS),Eastern Cape,Witbank,Alcohol based hand sanitiser. Hand scrub and hand rub. No branding,Barrs Pharmaceutical,2012/056577/07,National treasury RT300-2017,2020-04-16,32880.00
Department of Correction Services (DCS),Eastern Cape,Witbank,Biocide D / Bleach. No branding,Thobalwa Trading,2016/096951/07,Price quotation,2020-01-04,17388.00
Department of Correction Services (DCS),Eastern Cape,Witbank,Biocide D / Bleach. No branding,Mashphoniq investments,2019/067737/07,Price quotation,2020-03-04,15657.20
Department of Correction Services (DCS),Eastern Cape,Witbank,Biocide D / Bleach. No branding,Engymak,2011/009359/23,Price quotation,2020-07-04,25000.00
Department of Correction Services (DCS),Eastern Cape,Witbank,Biocide D / Bleach. No branding,VULANOBHETHE,2018/228444/07,Price quotation,2020-04-20,18600.00
Department of Correction Services (DCS),Eastern Cape,Witbank,Methylated spirit. No branding,KAP TRADING,2018/525484/07,Price quotation,2020-04-17,9600.00
Department of Correction Services (DCS),Eastern Cape,Witbank,Paper towels. No branding,Promed,2014/1624486/07,"Ntonal treasury contract,RT14-2019",2020-03-26,26250.00
Department of Correction Services (DCS),Eastern Cape,Witbank,Paper towels. No branding,Promed,2014/1624486/07,"Ntonal treasury contract,RT14-2019",2020-02-04,26250.00
Department of Correction Services (DCS),Eastern Cape,Witbank,Paper towels. No branding,Promed,2014/1624486/07,"Ntonal treasury contract,RT14-2019",2020-07-04,31500.00
Department of Correction Services (DCS),Eastern Cape,Witbank,Paper Towel Dispenser. No branding,Shosho Industrial,2003/009940/03,Price quotation,2020-09-04,14855.00
Department of Correction Services (DCS),Eastern Cape,Witbank,Rubber boots (Gumboots). No branding,MVN Holdings,2016/212114/07,Price quotation,2020-03-24,25998.00
Department of Correction Services (DCS),Eastern Cape,Witbank,Spill kits biological. No branding,Lihone Investment,2018/400561/07,Price quotation,2020-03-21,14415.00
Department of Correction Services (DCS),Eastern Cape,Witbank,Spray Bottles. No branding,Ike Chemicals Traiding & Projects,2005/151627/23,Price quotation,2020-01-04,1000.00
Department of Correction Services (DCS),Eastern Cape,Witbank,Spray Bottles. No branding,Hinterland SA (Pty) Ltd,2012/035806/07,Price quotation,2020-04-15,1819.30
Department of Correction Services (DCS),Eastern Cape,Witbank,Disposable Linen . No branding,PROMED,2014/1624486/07,"Ntonal treasury contract,RT14-2019",2020-04-24,4360.00
Department of Correction Services (DCS),Eastern Cape,Witbank,Disposable Linen . No branding,Dlakadla Image Holding,2017/440256/07,Price quotation,2020-03-31,20180.00
Department of Correction Services (DCS),Eastern Cape,Witbank,N1BP + SPO2 monitor on trolley. No branding,Class Three Medical Solution,2017/535986/07,"National treasury contract,RT297-2019",2020-04-27,92092.00
Department of Correction Services (DCS),Eastern Cape,Witbank,HB Meter. No branding,Transpharm,1994/006582/07,wholesale,2020-04-27,9068.79
Department of Correction Services (DCS),Eastern Cape,Witbank,Stethoscope. No branding,Bioclin Solutions,199/046282/23,Price quotation,2020-04-27,1907.80
Department of Correction Services (DCS),Eastern Cape,Witbank,Nebulizer. No branding,Transpharm,1994/006582/07,wholesale,2020-04-27,4114.13
Department of Correction Services (DCS),Eastern Cape,Witbank,Flu Vaccine. No branding,Kahma Biotech Pty Ltd,1997/014365/07,Price quotation,2020-03-31,23958.00
Department of Correction Services (DCS),Eastern Cape,Witbank,Flu Vaccine. No branding,Kahma Biotech Pty Ltd,1997/014365/07,Price quotation,2020-04-23,15972.00
Department of Correction Services (DCS),Eastern Cape,Witbank,Disinfectant (Black Dip). No branding,Ike Chemicals Traiding & Projects,2005/151627/23,Price quotation,2020-03-31,28800.00
Department of Correction Services (DCS),Eastern Cape,Witbank,Disinfectant (Black Dip). No branding,Entandweni Projects,2019/3230707/07,Price quotation,2020-01-05,23400.00
Department of Correction Services (DCS),Eastern Cape,Witbank,Heavy duty gloves. No branding. No branding,Bclean,2019/550612/07,Price Qoutation,2020-03-25,21037.50
Department of Correction Services (DCS),Eastern Cape,Witbank,Wall Unit hand free sanitizer. No branding,Isibane Trading Academy,2016/481835/07,Price quotation,2020-08-04,9918.75
Department of Correction Services (DCS),Eastern Cape,Witbank,Bath Soaps. No branding,Maroala Enterprise,2013/212542/07,Price quotation,2020-03-30,29265.00
Department of Correction Services (DCS),Eastern Cape,Witbank,Bath Soaps. No branding,Phalama Protection,2016/176993/07,Price quotation,2020-03-30,26970.00
Department of Correction Services (DCS),Eastern Cape,Witbank,Bath Soaps. No branding,Munyamani Holdings,2017/408887/07,Price quotation,2020-09-04,27500.00
Department of Correction Services (DCS),Eastern Cape,Witbank,Sanitizer . No branding,Livijo Investment,2018/400575/05,Price quotation,2020-03-26,29975.00
Department of Correction Services (DCS),Eastern Cape,Witbank,Sanitizer . No branding,Mathasi Traiding,2015/040400/07,Price quotation,2020-03-30,27900.00
Department of Correction Services (DCS),Eastern Cape,Witbank,Sanitizer . No branding,M Logistics Pty Ltd,2017/165614/07,Price quotation,2020-03-31,29950.00
Department of Correction Services (DCS),Eastern Cape,Witbank,Sanitizer. No branding,Vhakololo Holdings,2017/224212/07,Price quotation,2020-03-31,29950.00
Department of Correction Services (DCS),Eastern Cape,Witbank,Sanitizer. No branding,"Good Manners Trading and
Projects",2009/210617/23,Price quotation,2020-01-04,28750.00
Department of Correction Services (DCS),Eastern Cape,Witbank,Sanitizer. No branding,Applex Projects,2013/046365/07,Price quotation,2020-02-04,28750.00
Department of Correction Services (DCS),Eastern Cape,Witbank,Sanitizer. No branding,Mmalesedi Investments,2018/517769/07,Price quotation,2020-02-04,30000.00
Department of Correction Services (DCS),Eastern Cape,Witbank,Sanitizer. No branding,Ndzalama Enterprise,2015/052123/07,Price quotation,2020-03-30,30000.00
Department of Correction Services (DCS),Eastern Cape,Witbank,Sanitizer. No branding,Keole Trading Enterprise,2011/065198/23,Price quotation,2020-09-04,29450.00
Department of Correction Services (DCS),Eastern Cape,Witbank,Sanitizer. No branding,Rhyson,2020/140716/07,Price quotation,2020-09-04,28997.50
Department of Correction Services (DCS),Eastern Cape,Witbank,Red refuse bag heavy duty. No branding,Pearl bush,2017/228196/07,Price quotation,2020-04-15,3200.00
Department of Correction Services (DCS),Eastern Cape,Thohoyandou,Hand wipes,LC Palesa Project and services,2017/132166/07,price quotation,2020-03-23,26000.00
Department of Correction Services (DCS),Eastern Cape,Thohoyandou,Scaner,LC Palesa Project and services,2017/132166/07,price quotation,2020-03-20,6970.00
Department of Correction Services (DCS),Eastern Cape,Thohoyandou,Surgical gloves,Promed technologies,2014/098098/07,RT32-2019,2020-03-18,3680.00
Department of Correction Services (DCS),Eastern Cape,Thohoyandou,N95 Mask,Leora Medical,2017/162066/07,RT32-2019,2020-03-23,14980.00
Department of Correction Services (DCS),Eastern Cape,Thohoyandou,Scrub Suit Non-Sterile,Evergreen,2002/057771/23,RT76-2020,2020-02-20,11840.00
Department of Correction Services (DCS),Eastern Cape,Thohoyandou,Surgical gown Medium,Evergreen,2002/057771/23,RT76-2020,2020-02-20,11841.00
Department of Correction Services (DCS),Eastern Cape,Thohoyandou,Surgical gown Large,Evergreen,2002/057771/23,RT76-2020,2020-02-20,2960.00
Department of Correction Services (DCS),Eastern Cape,Thohoyandou,Scrub Suit Long Sleeve Medium,Evergreen,2002/057771/23,RT76-2020,2020-02-20,2961.00
Department of Correction Services (DCS),Eastern Cape,Thohoyandou,thermometer  infrared & Battery,Kingdom and Devine Trading & Pro,2e0ct10/065902/23,"price quotation,  deviation approved",2020-03-20,5520.00
Department of Correction Services (DCS),Eastern Cape,Thohoyandou,Safety Boots,BBF Safety Group,2014/095914/07,RT59-2019,2020-03-20,9861.00
Department of Correction Services (DCS),Eastern Cape,Thohoyandou,Safety Boots,BBF Safety Group,2014/095914/07,RT59-2019,2020-03-20,9861.00
Department of Correction Services (DCS),Eastern Cape,Thohoyandou,Safety Boots,BBF Safety Group,2014/095914/07,RT59-2019,2020-03-20,3287.00
Department of Correction Services (DCS),Eastern Cape,Thohoyandou,Safety Boots,BBF Safety Group,2014/095914/07,RT59-2019,2020-03-20,1643.50
Department of Correction Services (DCS),Eastern Cape,Thohoyandou,Heavy Duty Gloves,BARRS PHARMACEUTICAL,2012/056577/07,RT300-2017,2020-03-20,44316.00
Department of Correction Services (DCS),Eastern Cape,Thohoyandou,Surgical masks,BARRS PHARMACEUTICAL,,RT300-2017,2020-03-20,86792.00
Department of Correction Services (DCS),Eastern Cape,Thohoyandou,Scanner,Dikgabiso,2010/096072/23,price quotation,2020-03-23,6000.00
Department of Correction Services (DCS),Eastern Cape,Thohoyandou,Face Mask,Dikgabiso,2010/096072/23,price quotation,2020-03-23,13495.00
Department of Correction Services (DCS),Eastern Cape,Thohoyandou,Overrall,Fulufulu trading and project,2013/077571/07,"price quotation,  deviation approved",2020-03-25,226200.00
Department of Correction Services (DCS),Eastern Cape,Thohoyandou,Goggles,Fulufulu trading and project,2013/077571/07,"price quotation,  deviation approved",2020-03-25,150000.00
Department of Correction Services (DCS),Eastern Cape,Thohoyandou,Spactecles,Fulufulu trading and project,2013/077571/07,"price quotation,  deviation approved",2020-03-25,48950.00
Department of Correction Services (DCS),Eastern Cape,Thohoyandou,N95 Mask,Fulufulu trading and project,2013/077571/07,"price quotation,  deviation approved",2020-03-25,65000.00
Department of Correction Services (DCS),Eastern Cape,Thohoyandou,Pape towel,Promed technologies,2017/162066/07,RT14-2019,2020-03-20,31576.00
Department of Correction Services (DCS),Eastern Cape,Thohoyandou,Scrub Suit Non-Sterile,PROMED TECHNOLOGIES,2014/162486/07,RT32-2019,2020-03-20,4071.00
Department of Correction Services (DCS),Eastern Cape,Thohoyandou,Surgical gown,PROMED TECHNOLOGIES,2014/162486/07,RT32-2019,2020-03-20,16198.00
Department of Correction Services (DCS),Eastern Cape,Thohoyandou,Surgical gown,PROMED TECHNOLOGIES,2014/162486/07,RT32-2019,2020-03-20,30979.00
Department of Correction Services (DCS),Eastern Cape,Thohoyandou,Surgical gown,Logan Medical,2012/056508/07,RT32-2019,2020-03-23,19160.00
Department of Correction Services (DCS),Eastern Cape,Thohoyandou,Scrub Suit Long Sleeve Medium,Logan Medical,2012/056508/07,RT32-2019,2020-03-23,5545.60
Department of Correction Services (DCS),Eastern Cape,Thohoyandou,Heavy duty gloves,"Kingdom and Devine Trading &
Project",2010/065902/23,"price quotation,  deviation approved",2020-03-20,3500.00
Department of Correction Services (DCS),Eastern Cape,Thohoyandou,Water Bottle Dispenser 25L,Thohoyandou Farm City,2016/368421/07,price quotation,2020-03-20,9020.00
Department of Correction Services (DCS),Eastern Cape,Thohoyandou,Spray Bottle 2L,Thohoyandou Farm City,2016/368421/07,price quotation,2020-03-20,8684.00
Department of Correction Services (DCS),Eastern Cape,Thohoyandou,Plastic Apron,Central MedicalL (pty) ltd,1995/003785/07,RT32-2019,2020-03-20,8000.00
Department of Correction Services (DCS),Eastern Cape,Thohoyandou,Overshoe single use,"Medical International
Orthopaedic",2007/023366/23,RT32-2019,2020-03-23,4230.60
