buyer_name,implementation_location_province,implementation_location_other,Responsibility,supplier_name,RFQ,hea_Number,PO Printed Date,Sub Category,items_description,items_quantity,QTY Received,PO Status,order_amount_zar
Department of Justice and Constitutional Development (DoJ&CD), GAUTENG,JOHANNESBURG,LC JOHANNESBURG,MAAA0363819  1 OASIS( reg: (2016/467635/07),YES,PON0000LDT,2020-02-07T11:44:13.840,CLOTHING,HAND GLOVES,8,8,Completed,12936.18
Department of Justice and Constitutional Development (DoJ&CD), WESTERN CAPE,MASTER: CAPE TOWN,MASTER: CAPE TOWN,MAAA0042285  MHLUNGULWANA TRADING ENTERPRISE( reg: (2015/236557/07),YES,PON0000NB7,3/20/2020 0:00,CLOTHING,HAND GLOVES,200,200,Completed,2400.00
Department of Justice and Constitutional Development (DoJ&CD), WESTERN CAPE,WYNBERG,LC WYNBERG,MAAA0854058  SPECMED MEDICAL SERVICES( reg: (2018/317397/07),YES,PON0000NBL,3/20/2020 0:00,CLOTHING,HAND GLOVES,248,0,Cancelled,29946.00
Department of Justice and Constitutional Development (DoJ&CD), NATIONAL OFFICE,NATIONAL OFFICE,CD: SUPPLY CHAIN MANAGEMENT,MAAA0716656  OFEKGOLAPULA( reg: (2013/157282/07),YES,POO000003F,2020-04-20T15:20:30.090,CLOTHING,HAND GLOVES,2800,2800,Completed,494200.00
Department of Justice and Constitutional Development (DoJ&CD), NATIONAL OFFICE,NATIONAL OFFICE,CD: SUPPLY CHAIN MANAGEMENT,MAAA0716656  OFEKGOLAPULA( reg: (2013/157282/07),YES,POO000003G,01/01/1900 00:00,CLOTHING,FACE MASK/ FACE SHIELD,3348,0,Cancelled,378320.65
Department of Justice and Constitutional Development (DoJ&CD), NATIONAL OFFICE,NATIONAL OFFICE,CD: SUPPLY CHAIN MANAGEMENT,MAAA0331465  BETACLEAN CHEMICALS AND CLEANING SERVICES( reg: (2007/060226/23),YES,POO000003H,2020-04-20T15:21:30.520,CLEANING MATERIALS,HAND SANITISER,6696,6696,Completed,308016.00
Department of Justice and Constitutional Development (DoJ&CD), NATIONAL OFFICE,NATIONAL OFFICE,CD: SUPPLY CHAIN MANAGEMENT,MAAA0866751  KAPRIVI GENERALS( reg: (2019/614025/07),YES,POO000003J,2020-04-20T15:16:47.210,CLEANING MATERIALS,HAND LIQUID SOAP,4000,4000,Completed,460000.00
Department of Justice and Constitutional Development (DoJ&CD), NATIONAL OFFICE,NATIONAL OFFICE,CD: SUPPLY CHAIN MANAGEMENT,MAAA0600766  GIVYS CUISINE( reg: (2017/302988/07),YES,POO000003K,2020-04-20T15:25:34.207,CLEANING MATERIALS,HAND SANITISER,1600,1600,Awaiting Invoice,488000.00
Department of Justice and Constitutional Development (DoJ&CD), NATIONAL OFFICE,NATIONAL OFFICE,CD: SUPPLY CHAIN MANAGEMENT,MAAA0051831  MOTSWEDING MEDICAL SUPPLIER( reg: (2010/148644/23),YES,POO000003L,2020-04-20T15:43:20.150,OFFICE EQUIPMENT<R5000 MINOR ASSET,THERMOMETER/INFRA RED SCANNER,250,250,Completed,499750.00
Department of Justice and Constitutional Development (DoJ&CD), NATIONAL OFFICE,NATIONAL OFFICE,CD: SUPPLY CHAIN MANAGEMENT,MAAA0602944  ORCA AUTOBODY REPAIRERS( reg: (2017/303581/07),YES,POO000003M,2020-04-20T16:10:57.787,CLOTHING,FACE MASK/ FACE SHIELD,3348,3348,Completed,378320.65
Department of Justice and Constitutional Development (DoJ&CD), NORTHERN CAPE,REGIONAL OFFICE NORTHERN CAPE,NC: COURT OPERATIONS,MAAA0892432  BADENHORST APTEEK( reg: (2008/085404/23),YES,POO0000047,2020-04-21T11:36:17.367,OFFICE EQUIPMENT<R5000 MINOR ASSET,THERMOMETER/INFRA RED SCANNER,42,42,Completed,72835.54
Department of Justice and Constitutional Development (DoJ&CD), NORTHERN CAPE,REGIONAL OFFICE NORTHERN CAPE,NC: COURT OPERATIONS,MAAA0728237  MAVERICK PARTS AND ACCESSORIES( reg: (2012/177737/07),YES,POO000004L,2020-04-21T11:51:03.667,CLOTHING,FACE MASK/ FACE SHIELD,1000,1000,Completed,37950.00
Department of Justice and Constitutional Development (DoJ&CD), NATIONAL OFFICE,NATIONAL OFFICE,CD: SUPPLY CHAIN MANAGEMENT,MAAA0102272  FENPOT DIRECT( reg: (2003/013829/23),YES,POO0000053,2020-04-21T12:19:55.490,CLOTHING,FACE MASK/ FACE SHIELD,30000,30000,Completed,445200.00
Department of Justice and Constitutional Development (DoJ&CD), NORTH WEST,REGIONAL OFFICE:  NORTH WEST PROV,NW: COURT OPERATIONS,MAAA0144289  VELTICOM TRADING AND ENTERPRISE( reg: (2013/117011/07),YES,POO000005Q,2020-04-21T12:46:57.590,CLOTHING,FACE MASK/ FACE SHIELD,500,500,Completed,70000.00
Department of Justice and Constitutional Development (DoJ&CD), NORTH WEST,REGIONAL OFFICE:  NORTH WEST PROV,NW: COURT OPERATIONS,MAAA0144289  VELTICOM TRADING AND ENTERPRISE( reg: (2013/117011/07),YES,POO0000068,2020-04-22T10:06:50.537,OFFICE EQUIPMENT<R5000 MINOR ASSET,THERMOMETER/INFRA RED SCANNER,50,50,Completed,124000.00
Department of Justice and Constitutional Development (DoJ&CD), NORTHERN CAPE,KIMBERLEY,LC KIMBERLEY,MAAA0053742  HALSTED AND CO( reg: (1952/001225/07),YES,POO0000073,2020-04-23T10:48:56.673,CLOTHING,FACE MASK/ FACE SHIELD,1000,1000,Completed,23000.00
Department of Justice and Constitutional Development (DoJ&CD), NORTHERN CAPE,REGIONAL OFFICE NORTHERN CAPE,NC: COURT OPERATIONS,MAAA0053742  HALSTED AND CO( reg: (1952/001225/07),YES,POO000007C,2020-04-23T11:44:12.800,CLOTHING,FACE MASK/ FACE SHIELD,2000,2000,Completed,36800.00
Department of Justice and Constitutional Development (DoJ&CD), WESTERN CAPE,RIVERSDALE,LC RIVERSDALE,MAAA0084230  SMART OFFICE CONNEXION EASTERN CAPE( reg: (2006/006051/07),YES,POO000008T,2020-04-24T12:49:55.203,CLOTHING,FACE MASK/ FACE SHIELD,10,10,Completed,750.00
Department of Justice and Constitutional Development (DoJ&CD), LIMPOPO,REGIONAL OFFICE LIMPOPO,LIM: REGIONAL HEAD,MAAA0426801  MARSANA TRADING ENTERPRISE( reg: (2013/056023/07),YES,POO0000097,2020-04-24T13:55:36.447,OFFICE EQUIPMENT<R5000 MINOR ASSET,THERMOMETER/INFRA RED SCANNER,100,100,Completed,185725.00
Department of Justice and Constitutional Development (DoJ&CD), WESTERN CAPE,WYNBERG,LC WYNBERG,MAAA0126184  TELVEX 32( reg: (2009/050818/23),YES,POO00000B0,2020-04-29T10:35:52.117,CLEANING MATERIALS,HAND LIQUID SOAP,1,1,Completed,1242.00
Department of Justice and Constitutional Development (DoJ&CD), NORTH WEST,REGIONAL OFFICE:  NORTH WEST PROV,NW: COURT OPERATIONS,MAAA0144289  VELTICOM TRADING AND ENTERPRISE( reg: (2013/117011/07),YES,POO00000D3,2020-04-29T14:21:34.897,OFFICE EQUIPMENT<R5000 MINOR ASSET,THERMOMETER/INFRA RED SCANNER,20,20,Completed,49600.00
Department of Justice and Constitutional Development (DoJ&CD), GAUTENG,REGIONAL OFFICE:  GAUTENG,GP: COURT OPERATIONS,MAAA0624218  FEMINISTIC ENTERPRISE( reg: (2018/210979/07),YES,POO00000FB,2020-05-07T11:16:22.040,CLOTHING,FACE MASK/ FACE SHIELD,8436,8436,Completed,130758.00
Department of Justice and Constitutional Development (DoJ&CD), GAUTENG,REGIONAL OFFICE:  GAUTENG,GP: COURT OPERATIONS,MAAA0784623  SUPRAHEALTHCARE MANUFACTURING CT( reg: (2018/275783/07),YES,POO00000FC,2020-05-07T13:20:40.400,CLOTHING,HAND GLOVES,300,300,Completed,37932.75
Department of Justice and Constitutional Development (DoJ&CD), WESTERN CAPE,WYNBERG,LC WYNBERG,MAAA0024705  BE SAFE PARAMEDICAL( reg: (1998/052711/23),YES,POO00000GP,2020-05-05T13:15:21.310,CLOTHING,HAND GLOVES,50,50,Completed,7350.00
Department of Justice and Constitutional Development (DoJ&CD), MPUMALANGA,REGIONAL OFFICE MPUMALANGA,MP: BUDGET CONTROL,MAAA0427290  MAKADEMA TRADING( reg: (2017/110494/07),YES,POO00000HT,2020-05-06T13:14:27.650,CLOTHING,FACE MASK/ FACE SHIELD,810,0,Completed,59130.00
Department of Justice and Constitutional Development (DoJ&CD), WESTERN CAPE,REGIONAL OFFICE:  CAPE TOWN,WC: REGIONAL HEAD,MAAA0841095  VISUAL BRAND SOLUTIONS( reg: (2018/523638/07),YES,POO00000J1,2020-05-06T14:30:02.983,OFFICE EQUIPMENT<R5000 MINOR ASSET,THERMOMETER/INFRA RED SCANNER,70,70,Completed,98210.00
Department of Justice and Constitutional Development (DoJ&CD), MPUMALANGA,REGIONAL OFFICE MPUMALANGA,MP: BUDGET CONTROL,MAAA0174534  SOFT-TOUCH INVESTMENTS( reg: (2007/127126/23),YES,POO00000JH,2020-05-06T15:56:36.263,OFFICE EQUIPMENT<R5000 MINOR ASSET,THERMOMETER/INFRA RED SCANNER,42,42,Completed,92400.00
Department of Justice and Constitutional Development (DoJ&CD), MPUMALANGA,MIDDELBURG MP,LC MIDDELBURG (MP),MAAA0622471  LOMAGOGA TRADING AND PROJECTS( reg: (2017/332855/07),YES,POO00000JR,2020-05-07T10:40:16.043,CLOTHING,FACE MASK/ FACE SHIELD,780,0,Completed,56550.00
Department of Justice and Constitutional Development (DoJ&CD), MPUMALANGA,EVANDER,LC EVANDER,MAAA0622471  LOMAGOGA TRADING AND PROJECTS( reg: (2017/332855/07),YES,POO00000K8,2020-05-07T12:17:35.630,CLOTHING,FACE MASK/ FACE SHIELD,780,0,Completed,56550.00
Department of Justice and Constitutional Development (DoJ&CD), WESTERN CAPE,MITCHELLS PLAIN,LC MITCHELLS PLAIN,MAAA0841095  VISUAL BRAND SOLUTIONS( reg: (2018/523638/07),YES,POO00000KM,2020-05-07T13:38:15.123,OFFICE EQUIPMENT<R5000 MINOR ASSET,THERMOMETER/INFRA RED SCANNER,3,3,Completed,4140.00
Department of Justice and Constitutional Development (DoJ&CD), MPUMALANGA,MIDDELBURG MP,LC MIDDELBURG (MP),MAAA0645102  ZANOKUHLE TRADING( reg: (2018/387452/07),YES,POO00000KR,2020-05-07T16:23:02.307,CLOTHING,FACE MASK/ FACE SHIELD,1,0,Completed,77350.00
Department of Justice and Constitutional Development (DoJ&CD), MPUMALANGA,EERSTEHOEK,LC EERSTEHOEK,MAAA0018230  MAKUMU CONSTRUCTION AND PROJECTS( reg: (2007/171356/23),YES,POO00000KS,2020-05-07T16:20:55.783,CLOTHING,FACE MASK/ FACE SHIELD,610,0,Awaiting Delivery,56120.00
Department of Justice and Constitutional Development (DoJ&CD), MPUMALANGA,NSIKAZI,LC NSIKAZI,MAAA0451267  GAOTLHAKANELWE MEDIA AND COMMUNICATIONS( reg: (2007/219835/23),YES,POO00000KT,2020-05-07T16:21:37.360,CLOTHING,FACE MASK/ FACE SHIELD,1,0,Completed,118300.00
Department of Justice and Constitutional Development (DoJ&CD), WESTERN CAPE,CLANWILLIAM,LC CLANWILLIAM,MAAA0393512  CHM VUWANI COMPUTER SOLUTIONS( reg: (1990/002921/07),YES,POO00000KX,2020-05-11T08:10:25.467,OFFICE EQUIPMENT<R5000 MINOR ASSET,THERMOMETER/INFRA RED SCANNER,3,3,Completed,4198.65
Department of Justice and Constitutional Development (DoJ&CD), WESTERN CAPE,PORTERVILLE,LC PORTERVILLE,MAAA0841095  VISUAL BRAND SOLUTIONS( reg: (2018/523638/07),YES,POO00000L0,2020-05-08T12:16:59.383,OFFICE EQUIPMENT<R5000 MINOR ASSET,THERMOMETER/INFRA RED SCANNER,1,1,Completed,1380.00
Department of Justice and Constitutional Development (DoJ&CD), WESTERN CAPE,MURRAYSBURG,LC MURRAYSBURG,MAAA0841095  VISUAL BRAND SOLUTIONS( reg: (2018/523638/07),YES,POO00000L2,2020-05-08T11:09:19.697,OFFICE EQUIPMENT<R5000 MINOR ASSET,THERMOMETER/INFRA RED SCANNER,1,1,Completed,1495.00
Department of Justice and Constitutional Development (DoJ&CD), WESTERN CAPE,OUDTSHOORN,LC OUDTSHOORN,MAAA0841095  VISUAL BRAND SOLUTIONS( reg: (2018/523638/07),YES,POO00000L5,01/01/1900 00:00,OFFICE EQUIPMENT<R5000 MINOR ASSET,THERMOMETER/INFRA RED SCANNER,1,0,Cancelled,9660.00
Department of Justice and Constitutional Development (DoJ&CD), WESTERN CAPE,WYNBERG,LC WYNBERG,MAAA0024705  BE SAFE PARAMEDICAL( reg: (1998/052711/23),YES,POO00000LC,2020-05-08T11:52:21.037,OFFICE EQUIPMENT<R5000 MINOR ASSET,THERMOMETER/INFRA RED SCANNER,12,12,Completed,13586.40
Department of Justice and Constitutional Development (DoJ&CD), MPUMALANGA,REGIONAL OFFICE MPUMALANGA,MP: BUDGET CONTROL,MAAA0427290  MAKADEMA TRADING( reg: (2017/110494/07),YES,POO00000P7,2020-05-12T13:00:06.123,CLOTHING,FACE MASK/ FACE SHIELD,810,810,Completed,20250.00
Department of Justice and Constitutional Development (DoJ&CD), MPUMALANGA,NSIKAZI,LC NSIKAZI,MAAA0451267  GAOTLHAKANELWE MEDIA AND COMMUNICATIONS( reg: (2007/219835/23),YES,POO00000PF,2020-05-12T13:46:19.457,CLOTHING,FACE MASK/ FACE SHIELD,1690,1690,Completed,42250.00
Department of Justice and Constitutional Development (DoJ&CD), MPUMALANGA,EVANDER,LC EVANDER,MAAA0622471  LOMAGOGA TRADING AND PROJECTS( reg: (2017/332855/07),YES,POO00000PJ,2020-05-12T14:12:24.030,CLOTHING,FACE MASK/ FACE SHIELD,780,780,Completed,19110.00
Department of Justice and Constitutional Development (DoJ&CD), WESTERN CAPE,PIKETBERG,LC PIKETBERG,MAAA0393512  CHM VUWANI COMPUTER SOLUTIONS( reg: (1990/002921/07),YES,POO00000QZ,2020-05-14T15:12:37.627,OFFICE EQUIPMENT<R5000 MINOR ASSET,THERMOMETER/INFRA RED SCANNER,1,1,Completed,1693.95
Department of Justice and Constitutional Development (DoJ&CD), MPUMALANGA,EERSTEHOEK,LC EERSTEHOEK,MAAA0018230  MAKUMU CONSTRUCTION AND PROJECTS( reg: (2007/171356/23),YES,POO00000S3,2020-05-13T13:17:01.780,CLOTHING,FACE MASK/ FACE SHIELD,610,610,Completed,15222.55
Department of Justice and Constitutional Development (DoJ&CD), WESTERN CAPE,WYNBERG,LC WYNBERG,MAAA0854058  SPECMED MEDICAL SERVICES( reg: (2018/317397/07),YES,POO00000VT,2020-05-14T12:56:56.807,CLOTHING,HAND GLOVES,248,248,Completed,29946.00
Department of Justice and Constitutional Development (DoJ&CD), WESTERN CAPE,LADISMITH (WC),LC LADISMITH (WC),MAAA0841095  VISUAL BRAND SOLUTIONS( reg: (2018/523638/07),YES,POO00000VV,2020-05-14T12:22:42.403,CLEANING MATERIALS,HAND SANITISER,4,4,Completed,12627.00
Department of Justice and Constitutional Development (DoJ&CD), WESTERN CAPE,LADISMITH (WC),LC LADISMITH (WC),MAAA0841095  VISUAL BRAND SOLUTIONS( reg: (2018/523638/07),YES,POO00000VV,2020-05-14T12:22:42.403,CLOTHING,FACE MASK/ FACE SHIELD,300,300,Completed,12627.00
Department of Justice and Constitutional Development (DoJ&CD), GAUTENG,REGIONAL OFFICE:  GAUTENG,GP: COURT OPERATIONS,MAAA0002361  SANICHEM( reg: (2006/025225/07),YES,POO00000W5,2020-05-14T13:01:07.800,CLEANING MATERIALS,HAND SANITISER,100,100,Completed,110400.00
Department of Justice and Constitutional Development (DoJ&CD), MPUMALANGA,MIDDELBURG MP,LC MIDDELBURG (MP),MAAA0645102  ZANOKUHLE TRADING( reg: (2018/387452/07),YES,POO00000W7,2020-05-14T13:09:04.703,CLOTHING,FACE MASK/ FACE SHIELD,1190,1190,Completed,29738.10
Department of Justice and Constitutional Development (DoJ&CD), GAUTENG,REGIONAL OFFICE:  GAUTENG,GP: COURT OPERATIONS,MAAA0368635  MOTLA INVESTMENTS( reg: (2005/148565/23),YES,POO00000W8,2020-05-14T13:18:07.270,OFFICE EQUIPMENT<R5000 MINOR ASSET,THERMOMETER/INFRA RED SCANNER,126,126,Completed,220500.00
Department of Justice and Constitutional Development (DoJ&CD), WESTERN CAPE,PRINCE ALBERT,LC PRINCE ALBERT,MAAA0841095  VISUAL BRAND SOLUTIONS( reg: (2018/523638/07),YES,POO00000ZZ,2020-05-18T09:58:50.137,OFFICE EQUIPMENT<R5000 MINOR ASSET,THERMOMETER/INFRA RED SCANNER,2,0,Awaiting Delivery,2990.00
Department of Justice and Constitutional Development (DoJ&CD), WESTERN CAPE,RIVERSDALE,LC RIVERSDALE,MAAA0084230  SMART OFFICE CONNEXION EASTERN CAPE( reg: (2006/006051/07),YES,POO0000104,2020-05-18T10:08:01.997,CLOTHING,FACE MASK/ FACE SHIELD,15,15,Completed,1125.00
Department of Justice and Constitutional Development (DoJ&CD), KWAZULU NATAL,REGIONAL OFFICE: DURBAN,KZN: BUDGET CONTROL,MAAA0470689  LEMORE PROJECTS( reg: (2016/026588/07),YES,POO000011D,2020-05-18T14:31:07.290,OFFICE EQUIPMENT<R5000 MINOR ASSET,THERMOMETER/INFRA RED SCANNER,1,0,Completed,204000.00
Department of Justice and Constitutional Development (DoJ&CD), KWAZULU NATAL,REGIONAL OFFICE: DURBAN,KZN: BUDGET CONTROL,MAAA0470689  LEMORE PROJECTS( reg: (2016/026588/07),YES,POO000011J,2020-05-18T16:16:58.607,OFFICE EQUIPMENT<R5000 MINOR ASSET,THERMOMETER/INFRA RED SCANNER,80,80,Completed,204000.00
Department of Justice and Constitutional Development (DoJ&CD), WESTERN CAPE,KNYSNA,LC KNYSNA,MAAA0841095  VISUAL BRAND SOLUTIONS( reg: (2018/523638/07),YES,POO000011L,2020-05-19T08:37:23.630,OFFICE EQUIPMENT<R5000 MINOR ASSET,THERMOMETER/INFRA RED SCANNER,4,4,Completed,8020.00
Department of Justice and Constitutional Development (DoJ&CD), WESTERN CAPE,KNYSNA,LC KNYSNA,MAAA0034117  LEILAAS ELECTRICAL AND BUILDING DISTRIBUTORS( reg: (2014/037070/07),YES,POO0000139,2020-05-20T12:10:38.533,CLOTHING,FACE MASK/ FACE SHIELD,2,2,Completed,12305.00
Department of Justice and Constitutional Development (DoJ&CD), WESTERN CAPE,KNYSNA,LC KNYSNA,MAAA0034117  LEILAAS ELECTRICAL AND BUILDING DISTRIBUTORS( reg: (2014/037070/07),YES,POO0000139,2020-05-20T12:10:38.533,CLOTHING,HAND GLOVES,10,10,Completed,12305.00
Department of Justice and Constitutional Development (DoJ&CD), WESTERN CAPE,REGIONAL OFFICE:  CAPE TOWN,WC: REGIONAL HEAD,MAAA0013740  ACCESS MEDICAL( reg: (2012/013099/07),YES,POO000014N,2020-05-20T14:47:19.417,CLEANING MATERIALS,HAND LIQUID SOAP,240,240,Completed,21600.00
Department of Justice and Constitutional Development (DoJ&CD), NORTH WEST,ODI,LC ODI,MAAA0000124  WILLIAM NICOLE TRADING ENTERPRISE( reg: (2007/123530/23),YES,POO0000153,2020-05-20T16:04:39.833,CLOTHING,FACE MASK/ FACE SHIELD,150,150,Completed,47100.00
Department of Justice and Constitutional Development (DoJ&CD), NORTH WEST,ODI,LC ODI,MAAA0000124  WILLIAM NICOLE TRADING ENTERPRISE( reg: (2007/123530/23),YES,POO0000153,2020-05-20T16:04:39.833,CLOTHING,FACE MASK/ FACE SHIELD,300,300,Completed,47100.00
Department of Justice and Constitutional Development (DoJ&CD), NORTH WEST,REGIONAL OFFICE:  NORTH WEST PROV,NW: COURT OPERATIONS,MAAA0563645  CHASING LEVELS( reg: (2017/396302/07),YES,POO0000154,2020-05-20T16:03:03.520,CLOTHING,HAND GLOVES,200,200,Completed,98000.00
Department of Justice and Constitutional Development (DoJ&CD), NORTH WEST,MORETELE,LC MORETELE,MAAA0000144  M5 RESOURCES( reg: (2012/215451/07),YES,POO000016Z,2020-05-22T11:27:16.653,CLOTHING,FACE MASK/ FACE SHIELD,130,130,Completed,63220.00
Department of Justice and Constitutional Development (DoJ&CD), NORTHERN CAPE,KIMBERLEY,LC KIMBERLEY,MAAA0356806  MOTEC PROJECTS AND SUPPLIES( reg: (2014/175416/07),YES,POO000018K,2020-05-22T14:06:38.540,OFFICE EQUIPMENT<R5000 MINOR ASSET,THERMOMETER/INFRA RED SCANNER,4,4,Completed,6000.00
Department of Justice and Constitutional Development (DoJ&CD), NORTHERN CAPE,STATE ATTORNEY KIMBERLEY,STATE ATTORNEY: KIMBERLEY,MAAA0904304  TIMHUTI MEDICAL SUPPLY( reg: (2013/118208/07),YES,POO000018Q,2020-05-22T14:51:26.123,CLEANING MATERIALS,HAND LIQUID SOAP,2,2,Completed,29267.50
Department of Justice and Constitutional Development (DoJ&CD), NORTHERN CAPE,STATE ATTORNEY KIMBERLEY,STATE ATTORNEY: KIMBERLEY,MAAA0904304  TIMHUTI MEDICAL SUPPLY( reg: (2013/118208/07),YES,POO000018Q,2020-05-22T14:51:26.123,CLOTHING,FACE MASK/ FACE SHIELD,5,5,Completed,29267.50
Department of Justice and Constitutional Development (DoJ&CD), NORTHERN CAPE,STATE ATTORNEY KIMBERLEY,STATE ATTORNEY: KIMBERLEY,MAAA0904304  TIMHUTI MEDICAL SUPPLY( reg: (2013/118208/07),YES,POO000018Q,2020-05-22T14:51:26.123,CLOTHING,FACE MASK/ FACE SHIELD,50,50,Completed,29267.50
Department of Justice and Constitutional Development (DoJ&CD), NORTHERN CAPE,STATE ATTORNEY KIMBERLEY,STATE ATTORNEY: KIMBERLEY,MAAA0904304  TIMHUTI MEDICAL SUPPLY( reg: (2013/118208/07),YES,POO000018Q,2020-05-22T14:51:26.123,OFFICE EQUIPMENT<R5000 MINOR ASSET,THERMOMETER/INFRA RED SCANNER,2,2,Completed,29267.50
Department of Justice and Constitutional Development (DoJ&CD), NORTH WEST,CHRISTIANA,LC CHRISTIANA,MAAA0073926  TSIMOLENG HYGIENE AND FUMIGATION EXPECTS( reg: (2012/082957/07),YES,POO0000199,2020-05-22T16:16:17.733,CLOTHING,FACE MASK/ FACE SHIELD,10,10,Completed,17300.00
Department of Justice and Constitutional Development (DoJ&CD), NORTHERN CAPE,KIMBERLEY,LC KIMBERLEY,MAAA0053742  HALSTED AND CO( reg: (1952/001225/07),YES,POO000019D,01/01/1900 00:00,CLOTHING,FACE MASK/ FACE SHIELD,1000,0,Cancelled,23000.00
Department of Justice and Constitutional Development (DoJ&CD), NORTHERN CAPE,KIMBERLEY,LC KIMBERLEY,MAAA0423721  VVUKOLWAM ENTERPRISE( reg: (2017/075749/07),YES,POO000019H,2020-05-25T11:09:56.050,CLOTHING,FACE MASK/ FACE SHIELD,1000,1000,Completed,23000.00
Department of Justice and Constitutional Development (DoJ&CD), WESTERN CAPE,REGIONAL OFFICE:  CAPE TOWN,WC: REGIONAL HEAD,MAAA0760842  KHENSI M GROUP( reg: (2019/174737/07),YES,POO00001C2,2020-05-25T14:48:04.740,OFFICE EQUIPMENT<R5000 MINOR ASSET,THERMOMETER/INFRA RED SCANNER,70,70,Completed,97930.00
Department of Justice and Constitutional Development (DoJ&CD), WESTERN CAPE,OUDTSHOORN,LC OUDTSHOORN,MAAA0841095  VISUAL BRAND SOLUTIONS( reg: (2018/523638/07),YES,POO00001G1,2020-05-27T09:07:26.047,OFFICE EQUIPMENT<R5000 MINOR ASSET,THERMOMETER/INFRA RED SCANNER,7,7,Completed,9660.00
Department of Justice and Constitutional Development (DoJ&CD), MPUMALANGA,REGIONAL OFFICE MPUMALANGA,MP: BUDGET CONTROL,MAAA0892432  BADENHORST APTEEK( reg: (2008/085404/23),YES,POO00001G8,2020-05-27T10:13:21.783,OFFICE EQUIPMENT<R5000 MINOR ASSET,THERMOMETER/INFRA RED SCANNER,42,42,Completed,72235.54
Department of Justice and Constitutional Development (DoJ&CD), NORTH WEST,REGIONAL OFFICE:  NORTH WEST PROV,NW: COURT OPERATIONS,MAAA0676417  HIPTONIC VISUAL COM( reg: (2018/357365/07),YES,POO00001HF,2020-05-27T14:50:12.613,CLOTHING,FACE MASK/ FACE SHIELD,150,150,Completed,4500.00
Department of Justice and Constitutional Development (DoJ&CD), WESTERN CAPE,MITCHELLS PLAIN,LC MITCHELLS PLAIN,MAAA0050501  YUKON FREIGHT( reg: (2006/167114/23),YES,POO00001JM,2020-05-28T13:23:00.630,CLEANING MATERIALS,HAND SANITISER,10,10,Completed,3990.00
Department of Justice and Constitutional Development (DoJ&CD), MPUMALANGA,REGIONAL OFFICE MPUMALANGA,MP: COURT OPERATIONS,MAAA0551216  Makhafola Innovations( reg: (2016/122737/07),YES,POO00001K9,2020-05-29T09:26:36.280,UNIFORM AND PROTECTIVE CLOTHING,OCCUPATIONAL HEALTH AND SAFETY EQUIPMENT,550,550,Completed,65340.00
Department of Justice and Constitutional Development (DoJ&CD), MPUMALANGA,REGIONAL OFFICE MPUMALANGA,MP: COURT OPERATIONS,MAAA0766149  NORTH LION PROJECTS( reg: (2019/092876/07),YES,POO00001KF,2020-05-29T09:25:50.467,UNIFORM AND PROTECTIVE CLOTHING,OCCUPATIONAL HEALTH AND SAFETY EQUIPMENT,92,0,Completed,43424.00
Department of Justice and Constitutional Development (DoJ&CD), WESTERN CAPE,OUDTSHOORN,LC OUDTSHOORN,MAAA0810352  HYCHEM( reg: (2012/045088/07),YES,POO00001Q9,2020-06-03T07:58:03.400,CLOTHING,HAND GLOVES,4,4,Completed,13082.31
Department of Justice and Constitutional Development (DoJ&CD), NORTHERN CAPE,JAN KEMPDORP,LC JAN KEMPDORP,MAAA0023295  NORTHERN CAPE PRINTING AND STATIONERY( reg: (1999/031910/23),YES,POO00001TP,2020-06-04T12:40:41.930,CLEANING MATERIALS,HAND SANITISER,3,3,Completed,1935.00
Department of Justice and Constitutional Development (DoJ&CD), NORTHERN CAPE,JAN KEMPDORP,LC JAN KEMPDORP,MAAA0023295  NORTHERN CAPE PRINTING AND STATIONERY( reg: (1999/031910/23),YES,POO00001TP,2020-06-04T12:40:41.930,CLOTHING,FACE MASK/ FACE SHIELD,30,30,Completed,1935.00
Department of Justice and Constitutional Development (DoJ&CD), KWAZULU NATAL,REGIONAL OFFICE: DURBAN,KZN: BUDGET CONTROL,MAAA0360269  ROSETTE INVESTMENTS( reg: (1995/012372/07),YES,POO000020F,2020-06-08T09:19:47.010,OFFICE EQUIPMENT<R5000 MINOR ASSET,THERMOMETER/INFRA RED SCANNER,50,50,Completed,73000.00
Department of Justice and Constitutional Development (DoJ&CD), WESTERN CAPE,MITCHELLS PLAIN,LC MITCHELLS PLAIN,MAAA0329234  YOZAR YETHU( reg: (2014/040892/07),YES,POO0000260,2020-06-10T11:42:30.407,CLOTHING,HAND GLOVES,10,10,Awaiting Invoice,4370.00
Department of Justice and Constitutional Development (DoJ&CD), EASTERN CAPE,MOUNT FRERE,LC MOUNT FRERE,MAAA0007439  ISIBINDI STATIONERS( reg: (1998/018816/07),YES,POO000026T,2020-06-10T15:25:48.407,CLEANING MATERIALS,HAND LIQUID SOAP,10,10,Completed,18877.25
Department of Justice and Constitutional Development (DoJ&CD), EASTERN CAPE,MOUNT FRERE,LC MOUNT FRERE,MAAA0007439  ISIBINDI STATIONERS( reg: (1998/018816/07),YES,POO000026T,2020-06-10T15:25:48.407,CLEANING MATERIALS,HAND SANITISER,25,25,Completed,18877.25
Department of Justice and Constitutional Development (DoJ&CD), LIMPOPO,MANKWENG (LIM),LC MANKWENG (LIM),MAAA0142009  MOSHOPANE BUSINESS ENTERPRISES( reg: (2003/041211/23),YES,POO0000270,2020-06-11T11:22:41.703,CLEANING MATERIALS,HAND SANITISER,1,1,Awaiting Invoice,3600.00
Department of Justice and Constitutional Development (DoJ&CD), WESTERN CAPE,VREDENDAL,LC VREDENDAL,MAAA0016733  ABACUS SUPPLY CHAIN SOLUTIONS( reg: (2011/010114/07),YES,POO000029Q,2020-06-11T16:34:50.070,OFFICE EQUIPMENT<R5000 MINOR ASSET,THERMOMETER/INFRA RED SCANNER,8,0,Awaiting Delivery,17848.00
Department of Justice and Constitutional Development (DoJ&CD), NORTHERN CAPE,BARKLY-WEST,LC GALESHEWE,MAAA0023295  NORTHERN CAPE PRINTING AND STATIONERY( reg: (1999/031910/23),YES,POO00002CS,2020-06-12T15:28:39.280,OFFICE EQUIPMENT<R5000 MINOR ASSET,THERMOMETER/INFRA RED SCANNER,1,0,Awaiting Delivery,1600.00
Department of Justice and Constitutional Development (DoJ&CD), WESTERN CAPE,MASTER: CAPE TOWN,MASTER: CAPE TOWN,MAAA0011153  EXCELL CONSUMABLES( reg: (2007/020896/23),YES,POO00002FM,2020-06-17T09:49:41.313,CLOTHING,HAND GLOVES,20,20,Completed,4706.00
Department of Justice and Constitutional Development (DoJ&CD), WESTERN CAPE,MASTER: CAPE TOWN,MASTER: CAPE TOWN,MAAA0011153  EXCELL CONSUMABLES( reg: (2007/020896/23),YES,POO00002FM,2020-06-17T09:49:41.313,CLOTHING,HAND GLOVES,60,60,Completed,4706.00
Department of Justice and Constitutional Development (DoJ&CD), KWAZULU NATAL,SCOTTBURGH,LC SCOTTBURGH,MAAA0777135  LALZ TRADING( reg: (2019/219855/07),YES,POO00002K7,2020-06-22T08:19:06.297,OFFICE EQUIPMENT<R5000 MINOR ASSET,THERMOMETER/INFRA RED SCANNER,1,1,Completed,1250.00
Department of Justice and Constitutional Development (DoJ&CD), WESTERN CAPE,MITCHELLS PLAIN,LC MITCHELLS PLAIN,MAAA0122688  SHANAAZ PETERSEN( reg: (6901280160089),YES,POO00002KW,2020-06-22T11:48:48.757,CLOTHING,FACE MASK/ FACE SHIELD,250,250,Completed,4500.00
Department of Justice and Constitutional Development (DoJ&CD), GAUTENG,STATE ATTORNEY - JHB,STATE ATTORNEY: JOHANNESBURG,MAAA0001283  TRIPPLE N MEDICAL DISTRIBUTORS( reg: (2011/129850/07),YES,POO00002QN,2020-06-26T09:34:40.403,CLOTHING,FACE MASK/ FACE SHIELD,2,2,Completed,10090.29
Department of Justice and Constitutional Development (DoJ&CD), GAUTENG,STATE ATTORNEY - JHB,STATE ATTORNEY: JOHANNESBURG,MAAA0001283  TRIPPLE N MEDICAL DISTRIBUTORS( reg: (2011/129850/07),YES,POO00002QN,2020-06-26T09:34:40.403,CLOTHING,FACE MASK/ FACE SHIELD,10,10,Completed,10090.29
Department of Justice and Constitutional Development (DoJ&CD), GAUTENG,STATE ATTORNEY - JHB,STATE ATTORNEY: JOHANNESBURG,MAAA0001283  TRIPPLE N MEDICAL DISTRIBUTORS( reg: (2011/129850/07),YES,POO00002QN,2020-06-26T09:34:40.403,CLOTHING,HAND GLOVES,3,3,Completed,10090.29
Department of Justice and Constitutional Development (DoJ&CD), NORTH WEST,SCHWEIZER REYNEKE,LC SCHWEIZER REYNEKE,MAAA0864585  DLAMINI MINING SUPPLIES( reg: (2019/471864/07),YES,POO00002S3,2020-06-29T09:54:43.230,CLEANING MATERIALS,HAND SANITISER,3,0,Awaiting Delivery,4278.00
Department of Justice and Constitutional Development (DoJ&CD), LIMPOPO,SEKHUKHUNE,LC SEKHUKHUNE,MAAA0035243  SUPRA HEALTHCARE KZN( reg: (2012/080973/07),YES,POO00002S6,2020-06-30T14:10:03.967,CLOTHING,HAND GLOVES,5,0,Awaiting Delivery,6614.62
Department of Justice and Constitutional Development (DoJ&CD), NORTHERN CAPE,REGIONAL OFFICE NORTHERN CAPE,NC: COURT OPERATIONS,MAAA0106358  KHACHANI ENTERPRISE( reg: (2014/160692/07),YES,POO00002SD,2020-06-29T11:39:57.583,OFFICE EQUIPMENT<R5000 MINOR ASSET,THERMOMETER/INFRA RED SCANNER,50,50,Completed,39250.00
Department of Justice and Constitutional Development (DoJ&CD), NORTH WEST,SCHWEIZER REYNEKE,LC SCHWEIZER REYNEKE,MAAA0073926  TSIMOLENG HYGIENE AND FUMIGATION EXPECTS( reg: (2012/082957/07),YES,POO00002SG,2020-06-30T10:26:17.697,CLOTHING,FACE MASK/ FACE SHIELD,36,0,Awaiting Delivery,1890.00
Department of Justice and Constitutional Development (DoJ&CD), NORTH WEST,POTCHEFSTROOM,LC POTCHEFSTROOM,MAAA0917283  BLACK UNKNOWN( reg: (2019/275810/07),YES,POO00002SK,2020-07-08T12:27:44.867,CLOTHING,FACE MASK/ FACE SHIELD,200,200,Completed,5868.75
Department of Justice and Constitutional Development (DoJ&CD), EASTERN CAPE,DIVORCE COURT KING WILLIAMS TOWN,DIVORCE COURT: KWT,MAAA0089394  LISIKELELWE GENERAL TRADING( reg: (2013/022784/07),YES,POO00002TK,2020-06-29T14:54:26.480,CLOTHING,HAND GLOVES,5,5,Completed,8890.00
Department of Justice and Constitutional Development (DoJ&CD), NORTH WEST,RUSTENBURG,LC RUSTENBURG,MAAA0842068  AFRICAN PONCHO( reg: (2017/369282/07),YES,POO00002ZS,07/01/2020 00:00,CLOTHING,FACE MASK/ FACE SHIELD,100,0,Cancelled,4399.00
Department of Justice and Constitutional Development (DoJ&CD), NORTH WEST,RUSTENBURG,LC RUSTENBURG,MAAA0842068  AFRICAN PONCHO( reg: (2017/369282/07),YES,POO0000307,2020-07-01T14:53:54.270,CLOTHING,FACE MASK/ FACE SHIELD,100,100,Completed,7389.00
Department of Justice and Constitutional Development (DoJ&CD), NORTH WEST,REGIONAL OFFICE:  NORTH WEST PROV,NW: COURT OPERATIONS,MAAA0842068  AFRICAN PONCHO( reg: (2017/369282/07),YES,POO000030N,2020-07-01T15:08:09.880,CLOTHING,FACE MASK/ FACE SHIELD,1000,1000,Completed,58490.00
Department of Justice and Constitutional Development (DoJ&CD), KWAZULU NATAL,VRYHIED,LC VRYHEID,MAAA0084186  ASSEGAI HEALTHCARE( reg: (2006/217600/23),YES,POO000032X,2020-07-03T10:44:02.307,OFFICE EQUIPMENT<R5000 MINOR ASSET,THERMOMETER/INFRA RED SCANNER,1,1,Completed,2300.00
Department of Justice and Constitutional Development (DoJ&CD), WESTERN CAPE,MITCHELLS PLAIN,LC MITCHELLS PLAIN,MAAA0016733  ABACUS SUPPLY CHAIN SOLUTIONS( reg: (2011/010114/07),YES,POO0000367,2020-07-06T10:21:23.010,CLEANING MATERIALS,HAND SANITISER,30,30,Completed,9487.50
Department of Justice and Constitutional Development (DoJ&CD), WESTERN CAPE,MURRAYSBURG,LC MURRAYSBURG,MAAA0004727  MULTISURGE( reg: (2014/170364/07),YES,POO000037B,2020-07-06T14:38:28.037,CLOTHING,FACE MASK/ FACE SHIELD,200,0,Awaiting Delivery,1840.00
Department of Justice and Constitutional Development (DoJ&CD), LIMPOPO,THABAMOOPO,LC THABAMOOPO,MAAA0456141  BASHEGA LE DITLOU INVESTMENTS( reg: (2017/135971/07),YES,POO00003B5,2020-07-10T07:30:23.627,CLEANING MATERIALS,HAND LIQUID SOAP,4,4,Completed,18100.00
Department of Justice and Constitutional Development (DoJ&CD), LIMPOPO,THABAMOOPO,LC THABAMOOPO,MAAA0456141  BASHEGA LE DITLOU INVESTMENTS( reg: (2017/135971/07),YES,POO00003B5,2020-07-10T07:30:23.627,CLEANING MATERIALS,HAND SANITISER,5,5,Completed,18100.00
Department of Justice and Constitutional Development (DoJ&CD), LIMPOPO,THABAMOOPO,LC THABAMOOPO,MAAA0456141  BASHEGA LE DITLOU INVESTMENTS( reg: (2017/135971/07),YES,POO00003B5,2020-07-10T07:30:23.627,CLOTHING,FACE MASK/ FACE SHIELD,30,30,Completed,18100.00
Department of Justice and Constitutional Development (DoJ&CD), KWAZULU NATAL,MELMOTH,LC MELMOTH,MAAA0007439  ISIBINDI STATIONERS( reg: (1998/018816/07),YES,POO00003BJ,2020-07-07T15:54:05.910,OFFICE EQUIPMENT<R5000 MINOR ASSET,THERMOMETER/INFRA RED SCANNER,2,2,Completed,3008.40
Department of Justice and Constitutional Development (DoJ&CD), NORTHERN CAPE,HOPETOWN,LC HOPETOWN,MAAA0053742  HALSTED AND CO( reg: (1952/001225/07),YES,POO00003QD,2020-07-14T15:35:33.893,CLEANING MATERIALS,HAND SANITISER,2,2,Completed,1757.50
Department of Justice and Constitutional Development (DoJ&CD), NORTH WEST,STATE ATTORNY : MMABATHO,STATE ATTORNEY: MMABATHO,MAAA0882095  GABOUTLWEANN( reg: (2020/047829/07),YES,POO00003RP,2020-07-15T12:19:31.173,CLOTHING,FACE MASK/ FACE SHIELD,120,120,Completed,2640.00
Department of Justice and Constitutional Development (DoJ&CD), NORTH WEST,LEHURUTSHE,LC LEHURUTSHE,MAAA0843455  CROMWELL PROJECTS( reg: (2003/060743/23),YES,POO00003RQ,2020-07-15T12:29:35.237,CLOTHING,FACE MASK/ FACE SHIELD,50,50,Completed,4500.00
Department of Justice and Constitutional Development (DoJ&CD), NORTH WEST,MOLOPO,LC MOLOPO,MAAA0008067  KAUPE PROJECTS AND TRANSPORT( reg: (2013/232612/07),YES,POO00003SC,2020-07-15T14:31:41.583,CLOTHING,FACE MASK/ FACE SHIELD,5,0,Awaiting Delivery,15900.00
Department of Justice and Constitutional Development (DoJ&CD), NORTH WEST,DITSOBOTLA,LC DITSOBOTLA,MAAA0172691  BAIPIDI AND TAU INVESTMENTS( reg: (2015/008817/07),YES,POO00003SR,2020-07-16T08:23:18.977,CLOTHING,FACE MASK/ FACE SHIELD,10,0,Awaiting Delivery,4300.00
Department of Justice and Constitutional Development (DoJ&CD), NORTH WEST,DITSOBOTLA,LC DITSOBOTLA,MAAA0172691  BAIPIDI AND TAU INVESTMENTS( reg: (2015/008817/07),YES,POO00003SR,2020-07-16T08:23:18.977,OFFICE EQUIPMENT<R5000 MINOR ASSET,THERMOMETER/INFRA RED SCANNER,1,0,Awaiting Delivery,4300.00
Department of Justice and Constitutional Development (DoJ&CD), NORTH WEST,MORETELE,LC MORETELE,MAAA0145730  KOMANE OFFICE PROJECTS( reg: (2006/078822/23),YES,POO00003ST,2020-07-15T17:01:39.050,CLOTHING,FACE MASK/ FACE SHIELD,130,0,Awaiting Delivery,94000.00
Department of Justice and Constitutional Development (DoJ&CD), NORTH WEST,MORETELE,LC MORETELE,MAAA0145730  KOMANE OFFICE PROJECTS( reg: (2006/078822/23),YES,POO00003ST,2020-07-15T17:01:39.050,CLOTHING,HAND GLOVES,50,0,Awaiting Delivery,94000.00
Department of Justice and Constitutional Development (DoJ&CD), NORTH WEST,MORETELE,LC MORETELE,MAAA0145730  KOMANE OFFICE PROJECTS( reg: (2006/078822/23),YES,POO00003ST,2020-07-15T17:01:39.050,OFFICE EQUIPMENT<R5000 MINOR ASSET,THERMOMETER/INFRA RED SCANNER,2,0,Awaiting Delivery,94000.00
Department of Justice and Constitutional Development (DoJ&CD), WESTERN CAPE,GEORGE,LC GEORGE,MAAA0452038  LOJ ENTERPRISES( reg: (2016/403826/07),YES,POO00003V1,2020-07-16T11:45:38.693,CLEANING MATERIALS,HAND LIQUID SOAP,5,0,Awaiting Delivery,18950.00
Department of Justice and Constitutional Development (DoJ&CD), WESTERN CAPE,GEORGE,LC GEORGE,MAAA0452038  LOJ ENTERPRISES( reg: (2016/403826/07),YES,POO00003V1,2020-07-16T11:45:38.693,CLEANING MATERIALS,HAND SANITISER,10,0,Awaiting Delivery,18950.00
Department of Justice and Constitutional Development (DoJ&CD), LIMPOPO,REGIONAL OFFICE LIMPOPO,LIM: REGIONAL HEAD,MAAA0002427  MORONGWADILO TRADING AND PROJECTS( reg: (2010/143431/23),YES,POO00003VJ,7/16/2020 0:00,CLOTHING,FACE MASK/ FACE SHIELD,100,0,Awaiting Delivery,97000.00
Department of Justice and Constitutional Development (DoJ&CD), KWAZULU NATAL,STANGER,LC STANGER,MAAA0153686  RONALD GOPICHUND( reg: (6309245170088),YES,POO00003ZF,2020-07-20T09:43:49.627,OFFICE EQUIPMENT<R5000 MINOR ASSET,THERMOMETER/INFRA RED SCANNER,3,0,Awaiting Delivery,1983.75
Department of Justice and Constitutional Development (DoJ&CD), NORTHERN CAPE,JAN KEMPDORP,LC JAN KEMPDORP,MAAA0864976  ONALEKAGELO( reg: (2019/233335/07),YES,POO000040L,2020-07-20T14:00:47.150,OFFICE EQUIPMENT<R5000 MINOR ASSET,THERMOMETER/INFRA RED SCANNER,1,1,Completed,1850.00
Department of Justice and Constitutional Development (DoJ&CD), NORTHERN CAPE,KIMBERLEY,LC KIMBERLEY,MAAA0203680  POLELO IT SOLUTIONS AND GRAPHICS( reg: (2011/038726/23),YES,POO000040N,2020-07-20T12:04:03.410,OFFICE EQUIPMENT<R5000 MINOR ASSET,THERMOMETER/INFRA RED SCANNER,4,0,Awaiting Delivery,3600.00
Department of Justice and Constitutional Development (DoJ&CD), NORTHERN CAPE,BRITSTOWN,LC BRITSTOWN,MAAA0423721  VVUKOLWAM ENTERPRISE( reg: (2017/075749/07),YES,POO000042X,2020-07-21T12:45:35.843,CLOTHING,FACE MASK/ FACE SHIELD,7,0,Awaiting Delivery,3270.00
Department of Justice and Constitutional Development (DoJ&CD), NORTHERN CAPE,BRITSTOWN,LC BRITSTOWN,MAAA0423721  VVUKOLWAM ENTERPRISE( reg: (2017/075749/07),YES,POO000042X,2020-07-21T12:45:35.843,CLOTHING,FACE MASK/ FACE SHIELD,15,0,Awaiting Delivery,3270.00
Department of Justice and Constitutional Development (DoJ&CD), NORTHERN CAPE,BRITSTOWN,LC BRITSTOWN,MAAA0423721  VVUKOLWAM ENTERPRISE( reg: (2017/075749/07),YES,POO000042X,2020-07-21T12:45:35.843,CLOTHING,FACE MASK/ FACE SHIELD,200,0,Awaiting Delivery,3270.00
Department of Justice and Constitutional Development (DoJ&CD), WESTERN CAPE,ATLANTIS,LC ATLANTIS,MAAA0432493  CSN OFFICE SUPPLIES( reg: (2016/457855/07),YES,POO0000432,2020-07-22T10:27:47.967,CLOTHING,HAND GLOVES,30,0,Awaiting Delivery,5893.65
Department of Justice and Constitutional Development (DoJ&CD), WESTERN CAPE,REGIONAL OFFICE:  CAPE TOWN,WC: REGIONAL HEAD,MAAA0034117  LEILAAS ELECTRICAL AND BUILDING DISTRIBUTORS( reg: (2014/037070/07),YES,POO000043B,7/21/2020 0:00,OFFICE EQUIPMENT<R5000 MINOR ASSET,THERMOMETER/INFRA RED SCANNER,12,0,Awaiting Delivery,10396.00
Department of Justice and Constitutional Development (DoJ&CD), KWAZULU NATAL,CHATSWORTH,LC CHATSWORTH,MAAA0032870  KDS HEALTH AND SAFETY CONSULTANTS( reg: (2008/246519/23),YES,POO0000444,2020-07-22T07:58:56.800,OFFICE EQUIPMENT<R5000 MINOR ASSET,THERMOMETER/INFRA RED SCANNER,2,2,Completed,1955.00
Department of Justice and Constitutional Development (DoJ&CD), LIMPOPO,SESHEGO,LC SESHEGO,MAAA0826119  GALEN LIAM TRADING( reg: (2019/330822/07),YES,POO000047L,2020-07-24T14:38:29.920,CLEANING MATERIALS,HAND SANITISER,2,2,Completed,6402.00
Department of Justice and Constitutional Development (DoJ&CD), WESTERN CAPE,WORCESTER,LC WORCESTER,MAAA0016733  ABACUS SUPPLY CHAIN SOLUTIONS( reg: (2011/010114/07),YES,POO000047W,2020-07-23T12:38:12.150,CLEANING MATERIALS,HAND SANITISER,15,0,Awaiting Delivery,1241.83
Department of Justice and Constitutional Development (DoJ&CD), NORTH WEST,KLERKSDORP,LC KLERKSDORP,MAAA0000867  BUSINESS IMAGES HOLDINGS( reg: (1993/002773/07),YES,POO00004C2,2020-07-24T14:56:32.303,CLOTHING,FACE MASK/ FACE SHIELD,40,0,Awaiting Delivery,2231.00
Department of Justice and Constitutional Development (DoJ&CD), GAUTENG,JOHANNESBURG,LC JOHANNESBURG,MAAA0855028  KULETI SUPPLIES( reg: (2019/542030/07),YES,POO00004FS,2020-07-29T08:28:41.170,CLOTHING,HAND GLOVES,100,100,Completed,83600.00
